CWTRowID,LengthRowID,TagCode,CWT_Race,HeadTagCode,DNA_Race,IDNumber,Probability
1,1292766,"055448",,,,,
2,1292755,"055444",,,,,
3,1291178,"055440",,,,,
4,1291439,"055438",,,,,
5,1291460,"055443",,,,,
6,1291494,"055447",,,,,
7,1291723,"055448",,,,,
8,1291722,"055440",,,,,
9,1291721,"055448",,,,,
10,1291719,"055440",,,,,
11,1291720,"055442",,,,,
12,1291799,"055445",,,,,
13,1291844,"055435",,,,,
14,1291886,"055448",,,,,
15,1291845,"055447",,,,,
16,1291843,"055447",,,,,
17,1291834,"055446",,,,,
18,1291846,"055447",,,,,
19,1291994,"055441",,,,,
20,1291987,"055436",,,,,
21,1291988,"055436, 055446",,,,,
22,1291989,"055435",,,,,
23,1291990,"055438, 055447",,,,,
24,1291991,"055442",,,,,
25,1291993,"055440",,,,,
26,1291995,"055442",,,,,
27,1291996,"055436",,,,,
28,1291997,"055446",,,,,
29,1291925,"055448",,,,,
30,1291992,"055438",,,,,
31,1291920,"055446",,,,,
32,1291927,"055436",,,,,
33,1291930,"055448",,,,,
34,1291916,"055445",,,,,
35,1291917,"055447",,,,,
36,1291919,"055448",,,,,
37,1291915,"055438",,,,,
38,1291921,"055438",,,,,
39,1291926,"055448",,,,,
40,1291914,"055438",,,,,
41,1291929,"100000",,,,,
42,1291865,"100000",,,,,
43,1291918,"055448",,,,,
44,1292084,"055438",,,,,
45,1292080,"055447",,,,,
46,1292083,"055442",,,,,
47,1292082,"055446",,,,,
48,1292023,"055442",,,,,
49,1292022,"055441",,,,,
50,1292017,"055436",,,,,
51,1292002,"055448",,,,,
52,1292004,"055438",,,,,
53,1292096,"055446",,,,,
54,1292173,"055442",,,,,
55,1292148,"055445",,,,,
56,1292087,"055436",,,,,
57,1292129,"055448",,,,,
58,1292093,"055448",,,,,
59,1292088,"055446",,,,,
60,1292130,"055441",,,,,
61,1292300,"055448",,,,,
62,1292318,"055442",,,,,
63,1292283,"055442",,,,,
64,1292256,"055444",,,,,
65,1292249,"055442",,,,,
66,1292248,"055446",,,,,
67,1292244,"055442",,,,,
68,1292347,"055447",,,,,
69,1292352,"055448, 055441",,,,,
70,1292419,"055448",,,,,
71,1292417,"055447",,,,,
72,1292358,"055437",,,,,
73,1292357,"055442",,,,,
74,1292354,"055448",,,,,
75,1292353,"055436",,,,,
76,1292420,"055436",,,,,
77,1292351,"055445",,,,,
78,1292350,"055447",,,,,
79,1292348,"055447",,,,,
80,1292346,"055443",,,,,
81,1292325,"055439",,,,,
82,1292322,"055445",,,,,
83,1292321,"055440",,,,,
84,1292319,"055447",,,,,
85,1292514,"055447",,,,,
86,1292519,"055439",,,,,
87,1292518,"055441",,,,,
88,1292515,"055448",,,,,
89,1292516,"055436",,,,,
90,1292517,"055441",,,,,
91,1292557,"055448",,,,,
92,1292552,"055444",,,,,
93,1292549,"055448",,,,,
94,1292546,"068766",,,,,
95,1292545,"055447",,,,,
96,1292582,"055448",,,,,
97,1292581,"055446",,,,,
98,1292621,"055442",,,,,
99,1292627,"055445",,,,,
100,1292648,"055447",,,,,
101,1292649,"055439",,,,,
102,1292754,"055442",,,,,
103,1292812,"055441",,,,,
104,1292813,"055444",,,,,
105,1292814,"055448",,,,,
106,1292859,"055436",,,,,
107,1292982,"055444",,,,,
108,1292938,"100000",,,,,
109,1292981,"055439",,,,,
110,1293055,"055444",,,,,
111,1292980,"055439",,,,,
112,1293072,"068766",,,,,
113,1293075,"055439",,,,,
114,1293076,"055440",,,,,
115,1293077,"068766",,,,,
116,1293078,"068766",,,,,
117,1293079,"068766",,,,,
118,1293080,"068766",,,,,
119,1293081,"068766",,,,,
120,1293067,"068766",,,,,
121,1293062,"068766",,,,,
122,1293059,"055445",,,,,
123,1293107,"055444",,,,,
124,1293140,"055439",,,,,
125,1293105,"055439",,,,,
126,1293189,"055435",,,,,
127,1293190,"055444",,,,,
128,1293191,"055435",,,,,
129,1293258,"068766",,,,,
130,1293267,"068766",,,,,
131,1293338,"055442",,,,,
132,1293392,"068766",,,,,
133,1293428,"055442",,,,,
134,1293425,"055448",,,,,
135,1293426,"068766",,,,,
136,1293630,"068766",,,,,
137,1293614,"068766",,,,,
138,1293607,"055436",,,,,
139,1294051,"068766",,,,,
140,1294327,"100000",,,,,
141,1294391,"100000",,,,,
142,1294348,"055446",,,,,
143,1294644,"068766",,,,,
144,1294651,"068766",,,,,
145,1294673,"100000",,,,,
146,1294815,"068766",,,,,
147,1294927,"055448",,,,,
148,1294913,"068766",,,,,
149,1294777,"055448",,,,,
150,1294748,"068766",,,,,
151,1294509,"055446",,,,,
152,1293966,"068766",,,,,
153,1293756,"055445",,,,,
154,1293731,"055442",,,,,
155,1293721,"100000",,,,,
156,1293683,"055444",,,,,
157,1293671,"068766",,,,,
158,1293669,"055441",,,,,
159,1295761,"055446",,,,,
160,1295150,"068766",,,,,
161,1295223,"055444",,,,,
162,1295333,"055437",,,,,
163,1295344,"055278",,,,,
164,1295364,"068766",,,,,
165,1295376,"055446",,,,,
166,1295458,"068766",,,,,
167,1296124,"055442",,,,,
168,1296175,"055447",,,,,
169,1296241,"055449",,,,,
170,1296374,"055448",,,,,
171,1297685,"055448",,,,,
172,1299360,"060423",,,,,
173,1298201,"069005",,,,,
174,1298401,"069004",,,,,
175,1298400,"069006",,,,,
176,1298395,"069005",,,,,
177,1298394,"069003",,,,,
178,1298393,"069007",,,,,
179,1298366,"069009",,,,,
180,1298365,"069007",,,,,
181,1298364,"069007",,,,,
182,1298361,"069004",,,,,
183,1298360,"055516",,,,,
184,1298266,"069006",,,,,
185,1298392,"069008",,,,,
186,1298444,"069004",,,,,
187,1298418,"069004",,,,,
188,1298445,"069005",,,,,
189,1298449,"068052",,,,,
190,1298450,"069006",,,,,
191,1298453,"060423",,,,,
192,1298452,"060424",,,,,
193,1298501,"069006",,,,,
194,1298498,"069005",,,,,
195,1298497,"069003",,,,,
196,1298470,"069003",,,,,
197,1298461,"068052",,,,,
198,1298544,"069005",,,,,
199,1298590,"069004",,,,,
200,1298592,"069003",,,,,
201,1298758,"069006",,,,,
202,1298757,"069008",,,,,
203,1298647,"100000",,,,,
204,1296960,"069004",,,,,
205,1296958,"055521",,,,,
206,1296933,"069004",,,,,
207,1298807,"069004",,,,,
208,1298997,"068701",,,,,
209,1299042,"068701",,,,,
210,1299154,"069004",,,,,
211,1299503,"068701",,,,,
212,1299669,"069008",,,,,
213,1299750,"069008",,,,,
214,1293748,"068766",,,,,
215,1291986,"055448",,,,,
216,1332271,"060413",,,,,
217,1332648,"060413",,,,,
218,1332651,"060413",,,,,
219,1333369,"055548",,,,,
220,1333380,"060413",,,,,
221,1333381,"060413",,,,,
222,1333382,"055539",,,,,
223,1333765,"055538",,,,,
224,1333766,"055543",,,,,
225,1332754,"060413",,,,,
226,1332755,"060413",,,,,
227,1333095,"060413",,,,,
228,1333102,"060413",,,,,
229,1333103,"055543",,,,,
230,1333245,"060413",,,,,
231,1333243,"055541",,,,,
232,1333420,"060413",,,,,
233,1333490,"055548",,,,,
234,1333491,"060413",,,,,
235,1333492,"055537",,,,,
236,1333546,"055543",,,,,
237,1333605,"060413",,,,,
238,1333606,"055543",,,,,
239,1333607,"055542",,,,,
240,1333608,"055547",,,,,
241,1333629,"055548",,,,,
242,1333630,"060413",,,,,
243,1333631,"055545",,,,,
244,1333633,"055537",,,,,
245,1333634,"060413",,,,,
246,1333635,"060413",,,,,
247,1333676,"060413",,,,,
248,1333704,"060413",,,,,
249,1333656,"055542",,,,,
250,1333705,"055545",,,,,
251,1333706,"055547",,,,,
252,1333893,"060413",,,,,
253,1333894,"055541",,,,,
254,1333895,"055543",,,,,
255,1333896,"055537",,,,,
256,1333908,"055548",,,,,
257,1333918,"055537",,,,,
258,1333919,"060413",,,,,
259,1333940,"060413",,,,,
260,1333941,"055538",,,,,
261,1333943,"060413",,,,,
262,1333944,"055542",,,,,
263,1333946,"055550",,,,,
264,1333947,"055543",,,,,
265,1333948,"055547",,,,,
266,1333994,"055542",,,,,
267,1334016,"055550",,,,,
268,1334017,"055539",,,,,
269,1334018,"055538",,,,,
270,1334019,"055542",,,,,
271,1334260,"055537",,,,,
272,1334339,"055549",,,,,
273,1334340,"055537",,,,,
274,1334341,"055538",,,,,
275,1334450,"060413",,,,,
276,1334662,"055543",,,,,
277,1334663,"055548",,,,,
278,1334938,"055542",,,,,
279,1334964,"060413",,,,,
280,1334965,"060413",,,,,
281,1334966,"055537",,,,,
282,1334967,"055547",,,,,
283,1334968,"055537",,,,,
284,1335239,"055542",,,,,
285,1335240,"100000",,,,,
286,1335241,"055538",,,,,
287,1335242,"055539",,,,,
288,1335243,"055548",,,,,
289,1335244,"055548",,,,,
290,1335245,"055549",,,,,
291,1335247,"060413",,,,,
292,1335249,"055541",,,,,
293,1335331,"055549",,,,,
294,1335747,"055549",,,,,
295,1335748,"060413",,,,,
296,1335749,"055547",,,,,
297,1335750,"055538,055539",,,,,
298,1335751,"055543",,,,,
299,1335746,"055547",,,,,
300,1335815,"055537",,,,,
301,1335573,"055545",,,,,
302,1335574,"055547",,,,,
303,1335576,"055548",,,,,
304,1335577,"055548",,,,,
305,1335578,"055537",,,,,
306,1335579,"055539,055547",,,,,
307,1335580,"055550",,,,,
308,1335581,"060413",,,,,
309,1335583,"055543",,,,,
310,1335584,"060413",,,,,
311,1335585,"055543,060413,055539",,,,,
312,1335586,"060413",,,,,
313,1335588,"060413,055545,060413",,,,,
314,1335589,"060413,060413,060413",,,,,
315,1335590,"060413,055537",,,,,
316,1335591,"055548",,,,,
317,1335592,"055549,060413",,,,,
318,1335593,"060413,060413,060413",,,,,
319,1335594,"060413,055545",,,,,
320,1335595,"055541,055539",,,,,
321,1335596,"055538,055545",,,,,
322,1335597,"060413,055547",,,,,
323,1335598,"055548,055539,055537",,,,,
324,1335599,"055542",,,,,
325,1335600,"055543,055541",,,,,
326,1335601,"055550,055542",,,,,
327,1335602,"055537,055543,055543",,,,,
328,1335603,"055548,060413",,,,,
329,1335604,"055541,055543",,,,,
330,1335605,"055550,055538",,,,,
331,1335606,"055543",,,,,
332,1335607,"055543",,,,,
333,1335608,"055538,055547",,,,,
334,1335609,"055539,055550",,,,,
335,1335610,"055537",,,,,
336,1335611,"055537,055547",,,,,
337,1335612,"055541,055541",,,,,
338,1336799,"060413",,,,,
339,1335623,"055541",,,,,
340,1335632,"100000",,,,,
341,1335634,"055541",,,,,
342,1335868,"055537",,,,,
343,1335983,"055538",,,,,
344,1335984,"060413",,,,,
345,1336291,"055539",,,,,
346,1336440,"055541",,,,,
347,1337347,"055539",,,,,
348,1338089,"055544",,,,,
349,1338469,"055538",,,,,
350,1338470,"055544",,,,,
351,1338774,"055547",,,,,
352,1339182,"055544",,,,,
353,1339183,"055544
055544",,,,,
354,1339184,"055544",,,,,
355,1334754,"055545",,,,,
356,1334755,"055538",,,,,
357,1334820,"055542",,,,,
358,1334821,"055545",,,,,
359,1334833,"055548",,,,,
360,1334834,"055538",,,,,
361,1334835,"055538",,,,,
362,1334836,"055541",,,,,
363,1334837,"055542",,,,,
364,1334868,"055541",,,,,
365,1334869,"055539",,,,,
366,1334485,"055538",,,,,
367,1334487,"055537",,,,,
368,1334488,"060413",,,,,
369,1334491,"055548",,,,,
370,1334513,"055547",,,,,
371,1334515,"055547",,,,,
372,1334517,"055541",,,,,
373,1334518,"055538",,,,,
374,1334519,"055545",,,,,
375,1334531,"055547",,,,,
376,1334533,"055542",,,,,
377,1334534,"055543",,,,,
378,1334563,"055538",,,,,
379,1334564,"055542",,,,,
380,1334565,"055537,055547",,,,,
381,1334567,"060413",,,,,
382,1334568,"055539",,,,,
383,1334569,"055549",,,,,
384,1334570,"055541",,,,,
385,1334571,"060413",,,,,
386,1334572,"055541",,,,,
387,1334573,"060413",,,,,
388,1334105,"055542",,,,,
389,1334107,"060413",,,,,
390,1334106,"055542",,,,,
391,1334108,"055542",,,,,
392,1334109,"055537",,,,,
393,1334122,"055538",,,,,
394,1334151,"055539",,,,,
395,1334153,"055538",,,,,
396,1334154,"055539",,,,,
397,1334155,"055538",,,,,
398,1334156,"055539",,,,,
399,1334158,"055541",,,,,
400,1334159,"055537",,,,,
401,1334160,"055545",,,,,
402,1334161,"055541",,,,,
403,1334182,"055538",,,,,
404,1334183,"055541",,,,,
405,1334184,"055549",,,,,
406,1334187,"055537",,,,,
407,1334195,"055542",,,,,
408,1334196,"055547",,,,,
409,1334197,"055537",,,,,
410,1334198,"055538",,,,,
411,1334199,"060413",,,,,
412,1334200,"060413",,,,,
413,1334201,"055539",,,,,
414,1334202,"055538",,,,,
415,1334203,"055548",,,,,
416,1334204,"055542",,,,,
417,1334205,"055547",,,,,
418,1334255,"055543",,,,,
419,1334256,"055550",,,,,
420,1334257,"055548",,,,,
421,1334258,"055539",,,,,
422,1334259,"055539",,,,,
423,1335024,"055541",,,,,
424,1335075,"055543",,,,,
425,1335100,"055539",,,,,
426,1335110,"055537",,,,,
427,1335111,"055541",,,,,
428,1335112,"055545",,,,,
429,1335113,"100000",,,,,
430,1335114,"055549",,,,,
431,1335115,"055549",,,,,
432,1335148,"060413",,,,,
433,1335149,"055542",,,,,
434,1335150,"055548",,,,,
435,1335151,"055542",,,,,
436,1335152,"060413",,,,,
437,1335153,"055549",,,,,
438,1335154,"055537, 055548",,,,,
439,1335155,"055537",,,,,
440,1335156,"055548",,,,,
441,1335157,"055538",,,,,
442,1335335,"055547",,,,,
443,1335337,"055538",,,,,
444,1335338,"055537",,,,,
445,1335339,"055543",,,,,
446,1335340,"055543",,,,,
447,1335362,"055539",,,,,
448,1335363,"055549",,,,,
449,1335364,"055539",,,,,
450,1335392,"055543",,,,,
451,1335393,"055547",,,,,
452,1335395,"055550",,,,,
453,1335396,"055548",,,,,
454,1335397,"055547",,,,,
455,1335407,"055550",,,,,
456,1335408,"060413",,,,,
457,1335409,"055537",,,,,
458,1335417,"055541",,,,,
459,1335430,"055542",,,,,
460,1335431,"055549",,,,,
461,1335432,"055547",,,,,
462,1335433,"055547",,,,,
463,1335434,"060413",,,,,
464,1335435,"055542",,,,,
465,1335466,"055547",,,,,
466,1335467,"055538",,,,,
467,1335497,"055548",,,,,
468,1335498,"100000",,,,,
469,1335499,"055550",,,,,
470,1335671,"055548",,,,,
471,1335672,"055543",,,,,
472,1335673,"055541",,,,,
473,1335674,"055539",,,,,
474,1335676,"055549",,,,,
475,1335697,"055539",,,,,
476,1335718,"055545",,,,,
477,1335720,"055537",,,,,
478,1335721,"055539",,,,,
479,1337864,"055544",,,,,
480,1335757,"055545",,,,,
481,1335758,"055545",,,,,
482,1335796,"055543",,,,,
483,1335797,"055537",,,,,
484,1335798,"100000",,,,,
485,1335825,"055538",,,,,
486,1335826,"055549",,,,,
487,1335827,"055537",,,,,
488,1335851,"060413",,,,,
489,1335852,"055538",,,,,
490,1335853,"100000",,,,,
491,1336529,"055538",,,,,
492,1336530,"055538",,,,,
493,1336531,"055538",,,,,
494,1336532,"055541",,,,,
495,1337152,"055542",,,,,
496,1337522,"055548",,,,,
497,1339665,"055550",,,,,
498,1340814,"060413",,,,,
499,1341027,"055537",,,,,
500,1341019,"055548",,,,,
501,1341026,"055544",,,,,
502,1341095,"055546",,,,,
503,1341094,"055547",,,,,
504,1341135,"060413",,,,,
505,1341173,"055545",,,,,
506,1341096,"055546",,,,,
507,1341352,"055546",,,,,
508,1341313,"055546",,,,,
509,1341292,"055546",,,,,
510,1341412,"055546",,,,,
511,1341487,"055546",,,,,
512,1341441,"055546",,,,,
513,1341596,"055546",,,,,
514,1341721,"055546",,,,,
515,1341812,"055544",,,,,
516,1341813,"055546",,,,,
517,1342096,"055546",,,,,
518,1342183,"055546",,,,,
519,1342329,"055546",,,,,
520,1342481,"055540",,,,,
521,1342662,"055540",,,,,
522,1343167,"055540",,,,,
523,1343264,"055540",,,,,
524,1343709,"055546",,,,,
525,1352359,"055546",,,,,
526,1353004,"100000",,,,,
527,1353003,"100000",,,,,
528,1353135,"100000",,,,,
529,1353160,"055546",,,,,
530,1353418,"055538",,,,,
531,1353416,"055546",,,,,
532,1353433,"100000",,,,,
533,1353428,"100000",,,,,
534,1353600,"055544",,,,,
535,1353535,"054176",,,,,
536,1353647,"055546",,,,,
537,1353646,"055540",,,,,
538,1353794,"055540",,,,,
539,1353962,"060413",,,,,
540,1354351,"055543",,,,,
541,1354932,"060463",,,,,
542,1355252,"055597",,,,,
543,1355539,"060463",,,,,
544,1355545,"055609",,,,,
545,1355537,"060463",,,,,
546,1355530,"055599",,,,,
547,1355706,"055593",,,,,
548,1355697,"055609",,,,,
549,1355713,"060480",,,,,
550,1334535,"055538",,,,,
551,1336812,"055543",,,,,
552,1388727,"055674",,,,,
553,1389781,"055707",,,,,
554,1390233,"060438",,,,,
555,1390145,"060559",,,,,
556,1390382,"100000",,,,,
557,1389482,"060438",,,,,
558,1403257,"055743","LF",,,,
559,1403291,"055744","LF",,,,
560,1403334,"055741","LF",,,,
561,1403333,"055740","LF",,,,
562,1403553,"055738","LF",,,,
563,1403373,"055748","LF",,,,
564,1403552,"055739","LF",,,,
565,1403992,"055744","LF",,,,
566,1404015,"055740","LF",,,,
567,1403972,"055738","LF",,,,
568,1403974,"055738","LF",,,,
569,1403976,"055741","LF",,,,
570,1403973,"055744","LF",,,,
571,1403975,"055738","LF",,,,
572,1404103,"055745","LF",,,,
573,1404109,"055739","LF",,,,
574,1404112,"055739","LF",,,,
575,1404102,"055739","LF",,,,
576,1404214,"055748","LF",,,,
577,1404183,"055739","LF",,,,
578,1404215,"055743","LF",,,,
579,1404277,"055746","LF",,,,
580,1404224,"055740","LF",,,,
581,1404271,"055749","LF",,,,
582,1404233,"055744","LF",,,,
583,1404343,"055743","LF",,,,
584,1404297,"055744","LF",,,,
585,1404371,"055741","LF",,,,
586,1404373,"055743","LF",,,,
587,1404431,"055748","LF",,,,
588,1404549,"055737","LF",,,,
589,1405012,"055744","LF",,,,
590,1404979,"055738","LF",,,,
591,1405054,"055737","LF",,,,
592,1405801,"055738","LF",,,,
593,1405866,"055742","LF",,,,
594,1405261,"055744","LF",,,,
595,1406891,"055749","LF",,,,
596,1407182,"055739","LF",,,,
597,1407323,"055742","LF",,,,
598,1409711,"Accoustic sutured",,,,,
599,1410067,"Released by mistake",,,,,
600,1403839,"100000",,,,,
601,1403879,"055739","LF",,,,
602,1404219,"055748","LF",,,,
603,1404193,"055738","LF",,,,
604,1404501,"055738","LF",,,,
605,1405431,"055739","LF",,,,
606,1405548,"055742","LF",,,,
607,1410950,"055785","F",,,,
608,1411176,"100000",,,,,
609,1403611,"100000",,,,,
610,1403652,"100000",,,,,
611,1403653,"100000",,,,,
612,1421311,,,,,,
613,1426308,"055845","LF",,,,
614,1426267,"055850","LF",,,,
615,1426268,"055855","LF",,,,
616,1426408,"055850","LF",,,,
617,1426550,"055855","LF",,,,
618,1426512,"055848","LF",,,,
619,1426513,"055856","LF",,,,
621,1426514,"055856","LF",,,,
622,1426516,"055848","LF",,,,
623,1426503,"055855","LF",,,,
624,1426504,"055845","LF",,,,
625,1426583,"100000",,,,,
626,1426584,"055850","LF",,,,
627,1426612,"055848","LF",,,,
628,1426613,"055848","LF",,,,
629,1426609,"055850","LF",,,,
630,1426556,"055845","LF",,,,
631,1426674,"055850","LF",,,,
632,1426675,"055848","LF",,,,
633,1426676,"055845","LF",,,,
634,1426765,"055850","LF",,,,
635,1426814,"055845","LF",,,,
636,1426839,"055845","LF",,,,
637,1426931,"055848","LF",,,,
638,1427082,"055848","LF",,,,
639,1427085,"055845","LF",,,,
640,1427086,"055845","LF",,,,
641,1427205,"055848","LF",,,,
642,1427178,"055845","LF",,,,
643,1427179,"055845","LF",,,,
644,1427174,"055852","LF",,,,
645,1427257,"100000",,,,,
646,1427217,"055852","LF",,,,
647,1427481,"055850","LF",,,,
648,1427384,"055855","LF",,,,
649,1427379,"055850","LF",,,,
650,1428082,"055845","LF",,,,
652,1428083,"055852","LF",,,,
653,1428002,"055852","LF",,,,
654,1427771,"055852","LF",,,,
655,1427964,"055852","LF",,,,
656,1427875,"055852","LF",,,,
657,1427876,"055956","LF",,,,
658,1427886,"055855","LF",,,,
659,1428356,"055852","LF",,,,
660,1428522,"055852","LF",,,,
661,1428429,"055852","LF",,,,
662,1428567,"055857","LF",,,,
663,1428635,"055848","LF",,,,
664,1428709,"055852","LF",,,,
665,1428657,"055850","LF",,,,
666,1428549,"055852","LF",,,,
667,1428636,"055852","LF",,,,
668,1428600,"055845","LF",,,,
669,1428601,"055852","LF",,,,
670,1428598,"055852","LF",,,,
671,1428683,"055852","LF",,,,
672,1428684,"055857","LF",,,,
673,1428801,"055857","LF",,,,
674,1428767,"055857","LF",,,,
675,1429017,"055857","LF",,,,
676,1428796,"055857","LF",,,,
677,1428791,"055857","LF",,,,
678,1429064,"055857","LF",,,,
680,1429065,"055857","LF",,,,
681,1428901,"055857","LF",,,,
682,1428900,"055857","LF",,,,
683,1428862,"055857","LF",,,,
684,1429646,"055857","LF",,,,
686,1429647,"055857","LF",,,,
687,1429720,"055857","LF",,,,
689,1430193,"055852","LF",,,,
690,1430218,"055857","LF",,,,
691,1430459,"055857","LF",,,,
692,1430423,"055857","LF",,,,
693,1430473,"055857","LF",,,,
694,1430474,"055857","LF",,,,
695,1430428,"055857","LF",,,,
696,1430412,"055857","LF",,,,
697,1430564,"055857","LF",,,,
698,1430665,"055857","LF",,,,
699,1427770,,,,,,
700,1431053,"055857","LF",,,,
701,1431054,"055857","LF",,,,
702,1431045,"055857","LF",,,,
703,1431072,"055852","LF",,,,
704,1431043,"055857","LF",,,,
705,1430040,"055857","LF",,,,
706,1431698,"055857","LF",,,,
707,1431656,"055857","LF",,,,
708,1431843,"055857","LF",,,,
709,1431879,"055857","LF",,,,
711,1431383,"055857","LF",,,,
712,1431995,"055848","LF",,,,
713,1431996,"055857","LF",,,,
714,1431946,"055857","LF",,,,
715,1433673,"055875","W",,,,
716,1433503,"055874","W",,,,
717,1433502,"055875","W",,,,
718,1434000,"055876","W",,,,
719,1434848,"068697","S",,,,
720,1434849,"100000",,,,,
721,1435102,"068697","S",,,,
722,1435103,"068697","S",,,,
723,1435100,"068697","S",,,,
724,1435104,"068697","S",,,,
725,1435105,"068697","S",,,,
726,1435107,"068697","S",,,,
727,1435108,"068697","S",,,,
728,1435109,"068697","S",,,,
729,1435140,"068697","S",,,,
730,1435141,"068697","S",,,,
731,1435142,"068697","S",,,,
732,1435144,"068697","S",,,,
733,1435145,"068697","S",,,,
734,1435146,"068697","S",,,,
735,1435147,"068697","S",,,,
736,1435148,"068697","S",,,,
737,1435149,"068697","S",,,,
738,1435150,"068697","S",,,,
739,1435151,"068697","S",,,,
740,1435152,"068697","S",,,,
741,1435153,"068697","S",,,,
742,1435156,"068697","S",,,,
743,1435139,"068697","S",,,,
744,1435140,"068697","S",,,,
745,1435149,"068697","S",,,,
746,1435149,"068697","S",,,,
747,1435154,"068697","S",,,,
748,1435224,"068697","S",,,,
749,1435225,"068697","S",,,,
750,1435226,"068697","S",,,,
751,1435225,"068697","S",,,,
752,1435227,"068697","S",,,,
753,1435228,"068697","S",,,,
754,1435155,"100000",,,,,
755,1435154,"100000",,,,,
756,1435145,"068697","S",,,,
757,1435145,"068697","S",,,,
758,1435357,"068697","S",,,,
760,1435296,"068697","S",,,,
761,1435270,"068697","S",,,,
762,1435257,"068697","S",,,,
764,1435258,"068697","S",,,,
765,1435389,"060521",,,,,
766,1435391,"060521",,,,,
767,1435388,"068697","S",,,,
768,1435390,"068697","S",,,,
769,1435392,"068697","S",,,,
770,1435393,"068697","S",,,,
771,1435394,"068697","S",,,,
772,1435394,"068697","S",,,,
773,1435395,"068697","S",,,,
774,1435400,"068697","S",,,,
775,1435401,"068697","S",,,,
776,1435402,"068697","S",,,,
777,1435403,"068697","S",,,,
778,1435404,"068697","S",,,,
779,1435272,"068697","S",,,,
780,1435414,"100000",,,,,
781,1435415,"068697","S",,,,
782,1435482,"068697","S",,,,
784,1435434,,,,,,
785,1435461,"068697","S",,,,
787,1435439,"068697","S",,,,
788,1435440,"068697","S",,,,
789,1435441,"068697","S",,,,
790,1435442,"068697","S",,,,
791,1435443,"068697","S",,,,
792,1435425,"060521",,,,,
793,1435418,,,,,,
794,1435419,,,,,,
795,1435420,"068697","S",,,,
796,1435421,"068697","S",,,,
797,1435422,"068697","S",,,,
798,1435423,"068697","S",,,,
799,1435424,"068697","S",,,,
800,1435426,"068697","S",,,,
801,1435427,"068697","S",,,,
802,1435428,"068697","S",,,,
803,1435429,"068697","S",,,,
804,1435430,"068697","S",,,,
805,1435431,"068697","S",,,,
806,1435432,"068697","S",,,,
807,1435433,"068697","S",,,,
808,1435428,"068697","S",,,,
809,1435428,"068697","S",,,,
810,1435428,"068697","S",,,,
811,1435424,"068697","S",,,,
812,1435422,"068697","S",,,,
813,1435421,"068697","S",,,,
814,1435411,"060521","S",,,,
815,1435456,"068697","S",,,,
816,1435437,,,,,,
817,1435437,,,,,,
818,1435503,"068697","S",,,,
819,1435503,"068697","S",,,,
820,1435494,"068697","S",,,,
821,1435552,"068697","S",,,,
822,1435534,"068697","S",,,,
823,1435535,"100000",,,,,
824,1435569,"068697","S",,,,
825,1435569,"060521",,,,,
826,1435569,"060521",,,,,
827,1435567,"068697","S",,,,
828,1435567,"100000",,,,,
829,1435568,"068697","S",,,,
830,1435570,"068697","S",,,,
831,1435571,"068697","S",,,,
832,1435572,"068697","S",,,,
833,1435572,"068697","S",,,,
834,1435573,"068697","S",,,,
835,1435574,"068697","S",,,,
836,1435575,"068697","S",,,,
837,1435576,"068697","S",,,,
838,1435576,"068697","S",,,,
839,1435577,"100000",,,,,
840,1435532,"100000",,,,,
841,1435531,"068697","S",,,,
842,1435530,"068697","S",,,,
843,1435640,"068697","S",,,,
844,1435657,"068697","S",,,,
845,1435591,"068697","S",,,,
846,1435591,"068697","S",,,,
847,1435603,"060521","S",,,,
848,1435600,"068697","S",,,,
849,1435600,"068697","S",,,,
850,1435601,"068697","S",,,,
851,1435602,"068697","S",,,,
852,1435604,"068697","S",,,,
853,1435605,"068697","S",,,,
854,1435595,"068697","S",,,,
856,1435632,"068697","S",,,,
857,1435617,"068697","S",,,,
858,1435624,"060521","S",,,,
859,1435623,"068697","S",,,,
860,1435625,"068697","S",,,,
861,1435643,"060521",,,,,
862,1435667,"060521","S",,,,
863,1435668,"068697","S",,,,
864,1435651,"068697","S",,,,
865,1435650,"060521","S",,,,
866,1435649,"060521","S",,,,
867,1435659,"068697","S",,,,
868,1435687,"068697","S",,,,
869,1435688,,,,,,
870,1435680,"060521","S",,,,
871,1435669,"068697","S",,,,
872,1435684,"060521","S",,,,
873,1435685,"068697","S",,,,
874,1435706,"055852","LF",,,,
875,1435718,"060521","S",,,,
876,1435718,"068697","S",,,,
877,1435720,"060521","S",,,,
878,1435725,"060521","S",,,,
883,1435750,"068697","S",,,,
884,1435756,"068697","S",,,,
885,1435781,"068697","S",,,,
886,1435826,"060521","S",,,,
887,1435799,"068697","S",,,,
888,1466774,"055859","LF",,,,
889,1466776,"055860","LF",,,,
890,1466659,"055868","LF",,,,
891,1466775,"055867","LF",,,,
892,1466675,"055859","LF",,,,
893,1466658,"055868","LF",,,,
894,1466649,"055860","LF",,,,
895,1466676,"055859","LF",,,,
896,1466768,"055863","LF",,,,
897,1466766,"055870","LF",,,,
898,1466764,"055864","LF",,,,
899,1466767,"055872","LF",,,,
900,1466763,"055867","LF",,,,
901,1466765,"055863","LF",,,,
902,1466762,"055866","LF",,,,
903,1466371,"100000",,,,,
904,1466657,"055859","LF",,,,
905,1466656,"055865","LF",,,,
906,1466712,"055866","LF",,,,
907,1466711,"055863","LF",,,,
908,1466880,"055860","LF",,,,
909,1466876,"055863","LF",,,,
910,1466870,"055863","LF",,,,
911,1466894,"055871","LF",,,,
912,1466804,"055870","LF",,,,
913,1466803,"055859","LF",,,,
914,1466802,"055872","LF",,,,
915,1466784,"055870","LF",,,,
916,1466783,"055863","LF",,,,
917,1466782,"055866","LF",,,,
918,1466781,"055864","LF",,,,
919,1466896,"055868","LF",,,,
920,1466881,"055872","LF",,,,
921,1466882,"055868","LF",,,,
923,1466805,"055866","LF",,,,
924,1466885,"055867","LF",,,,
925,1466856,"055864","LF",,,,
926,1466855,"055860","LF",,,,
927,1466854,"055871","LF",,,,
928,1466853,"055864","LF",,,,
929,1466806,"055864","LF",,,,
930,1466841,"055866","LF",,,,
931,1466960,"055866","LF",,,,
932,1467058,"055860","LF",,,,
933,1467031,"055865","LF",,,,
934,1467032,"055872","LF",,,,
935,1467056,"055871","LF",,,,
936,1467057,"055864","LF",,,,
937,1467059,"055859","LF",,,,
938,1467060,"055865","LF",,,,
939,1467061,"055859","LF",,,,
940,1467062,"100000",,,,,
941,1467063,"055860","LF",,,,
942,1467065,"055865","LF",,,,
943,1467066,"055863","LF",,,,
944,1467064,"055872","LF",,,,
945,1466940,"055865","LF",,,,
946,1466928,"055871","LF",,,,
947,1466898,"055864","LF",,,,
948,1466915,"055859","LF",,,,
949,1466916,"055865","LF",,,,
950,1466917,"055868","LF",,,,
951,1466924,"055860","LF",,,,
952,1466925,"055860","LF",,,,
953,1466914,"055863","LF",,,,
954,1466939,"055863","LF",,,,
955,1466929,"100000",,,,,
956,1466930,"055867","LF",,,,
957,1466931,"055867","LF",,,,
958,1466932,"055866","LF",,,,
959,1466933,"055860","LF",,,,
960,1466935,"055865","LF",,,,
961,1466936,"055872","LF",,,,
962,1466926,"055864","LF",,,,
963,1467135,"055863","LF",,,,
964,1467121,"055865","LF",,,,
965,1467120,"055864","LF",,,,
966,1467122,"055859","LF",,,,
967,1467169,"055864","LF",,,,
968,1467171,"055872","LF",,,,
969,1467189,"055866","LF",,,,
970,1467170,"055864","LF",,,,
971,1467139,"055859","LF",,,,
972,1467130,"055859","LF",,,,
973,1467235,"055863","LF",,,,
974,1467198,"055860","LF",,,,
975,1467204,"055864","LF",,,,
976,1467236,"055864","LF",,,,
977,1467242,"055861","LF",,,,
978,1467243,"055867","LF",,,,
979,1467292,"055865","LF",,,,
980,1467291,"055864","LF",,,,
981,1467338,"068632","F",,,,
982,1467353,"055871","LF",,,,
983,1467395,"055867","LF",,,,
984,1467381,"055872","LF",,,,
985,1467355,"055868","LF",,,,
986,1467352,"055865","LF",,,,
987,1467339,"055861","LF",,,,
988,1467320,"055867","LF",,,,
989,1467380,"055860","LF",,,,
990,1467437,"055859","LF",,,,
991,1467404,"055861","LF",,,,
992,1467482,"055860","LF",,,,
993,1467508,"055866","LF",,,,
994,1467496,"055861","LF",,,,
995,1467481,"055866","LF",,,,
996,1467479,"055860","LF",,,,
997,1467478,"055872","LF",,,,
998,1467465,"055865","LF",,,,
999,1467466,"055865","LF",,,,
1000,1467515,"055866","LF",,,,
1001,1467524,"055866","LF",,,,
1002,1467525,"055861","LF",,,,
1003,1467539,"055865","LF",,,,
1004,1467542,"055863","LF",,,,
1005,1467575,"055860","LF",,,,
1006,1467639,"055860","LF",,,,
1007,1467603,"055867","LF",,,,
1008,1467585,"055867","LF",,,,
1009,1467586,"055867","LF",,,,
1010,1467587,"055861","LF",,,,
1011,1467580,"055864","LF",,,,
1012,1467613,"055864","LF",,,,
1013,1467645,"055864","LF",,,,
1014,1467646,"055866","LF",,,,
1015,1467647,"060514","S",,,,
1016,1467590,"055864","LF",,,,
1017,1467606,"055859","LF",,,,
1018,1467607,"055867","LF",,,,
1019,1467627,"055864","LF",,,,
1020,1467736,"055864","LF",,,,
1021,1467737,"055859","LF",,,,
1022,1467738,"055866","LF",,,,
1023,1467739,"055860","LF",,,,
1024,1467740,"055860","LF",,,,
1025,1467741,"055865","LF",,,,
1026,1467758,"055870","LF",,,,
1027,1467759,"055867","LF",,,,
1028,1467760,"055872","LF",,,,
1029,1467761,"055872","LF",,,,
1030,1467762,"055860","LF",,,,
1031,1467763,"055859","LF",,,,
1032,1467764,"055859","LF",,,,
1033,1467765,"055863","LF",,,,
1034,1467766,"055866","LF",,,,
1035,1467767,"055860","LF",,,,
1036,1467768,"055859","LF",,,,
1037,1467769,"060514","S",,,,
1038,1467743,"055863","LF",,,,
1039,1467749,"055860","LF",,,,
1040,1467750,"055866","LF",,,,
1041,1467690,"055861","LF",,,,
1042,1467691,"055867","LF",,,,
1043,1467715,"055863","LF",,,,
1044,1467770,"055860","LF",,,,
1045,1467782,"055867","LF",,,,
1046,1467776,"055861","LF",,,,
1047,1467777,"055867","LF",,,,
1048,1467804,"055861","LF",,,,
1049,1467862,"055859","LF",,,,
1050,1467879,"055861","LF",,,,
1051,1467880,"055868","LF",,,,
1052,1467881,"055867","LF",,,,
1053,1467882,"055868","LF",,,,
1054,1467883,"055863","LF",,,,
1055,1467884,"055862","LF",,,,
1056,1467865,"055860","LF",,,,
1057,1467866,"055866","LF",,,,
1058,1468004,"055863","LF",,,,
1059,1468041,"055861","LF",,,,
1060,1468042,"055864","LF",,,,
1061,1468061,"055861","LF",,,,
1062,1468053,"055867","LF",,,,
1063,1468169,"055861","LF",,,,
1064,1468466,"055860","LF",,,,
1065,1468429,"055870","LF",,,,
1066,1468334,"055862","LF",,,,
1067,1468541,"055860","LF",,,,
1068,1468574,"055864","LF",,,,
1069,1468528,"055862","LF",,,,
1070,1468477,"055866","LF",,,,
1071,1468478,"055862","LF",,,,
1072,1468498,"055867","LF",,,,
1073,1468499,"055867","LF",,,,
1074,1468500,"055862","LF",,,,
1075,1468481,"055862","LF",,,,
1076,1468570,"055862","LF",,,,
1077,1468571,"055867","LF",,,,
1078,1468527,"055862","LF",,,,
1079,1468603,"055868","LF",,,,
1080,1468731,"055865","LF",,,,
1081,1468719,"055862","LF",,,,
1082,1468734,"055862","LF",,,,
1083,1468735,"055868","LF",,,,
1084,1468596,"055864","LF",,,,
1085,1468771,"055862","LF",,,,
1086,1468790,"055862","LF",,,,
1088,1468605,"055862","LF",,,,
1090,1469108,"055863","LF",,,,
1091,1469112,"055862","LF",,,,
1093,1469415,"068632","F",,,,
1094,1469236,"055862","LF",,,,
1095,1469494,"055861","LF",,,,
1096,1469495,"055861","LF",,,,
1097,1469801,"055862","LF",,,,
1098,1469832,"055863","LF",,,,
1099,1469665,"055872","LF",,,,
1100,1469666,"055863","LF",,,,
1101,1469667,"055862","LF",,,,
1102,1469758,"055866","LF",,,,
1104,1469643,"100000",,,,,
1105,1469644,"055862","LF",,,,
1106,1469645,"055862","LF",,,,
1107,1469646,"055871","LF",,,,
1108,1469647,"055864","LF",,,,
1109,1469648,"055865","LF",,,,
1110,1469730,"055865","LF",,,,
1111,1469578,"055866","LF",,,,
1112,1469579,"100000",,,,,
1113,1469813,"055866","LF",,,,
1114,1469753,"055862","LF",,,,
1122,1470251,"055862","LF",,,,
1124,1470134,"100000",,,,,
1125,1470118,"055862","LF",,,,
1127,1470292,"055870","LF",,,,
1128,1470275,"068632","F",,,,
1130,1470234,"068632","F",,,,
1131,1470332,"068632","F",,,,
1132,1470333,"068632","F",,,,
1133,1470170,"055870","LF",,,,
1134,1470225,"055862","LF",,,,
1135,1470253,"055862","LF",,,,
1136,1470581,"055862","LF",,,,
1137,1470652,"055862","LF",,,,
1138,1470653,"055861","LF",,,,
1139,1470569,"055864","LF",,,,
1140,1470566,"055862","LF",,,,
1141,1470655,"100000",,,,,
1142,1470800,"055860","LF",,,,
1143,1470838,"055862","LF",,,,
1144,1471024,"055867","LF",,,,
1145,1471024,"055864","LF",,,,
1146,1472286,"055862","LF",,,,
1147,1472637,"100000",,,,,
1148,1471946,"068632","F",,,,
1149,1471947,"055859","LF",,,,
1150,1471781,"055865","LF",,,,
1152,1471152,"055861","LF",,,,
1153,1471233,"100000",,,,,
1154,1471234,"055862","LF",,,,
1155,1471124,"068632","F",,,,
1156,1472934,"055862","LF",,,,
1157,1472904,"100000",,,,,
1158,1472944,"055859","LF",,,,
1159,1473040,"055871","LF",,,,
1160,1471575,"068632","F",,,,
1161,1471655,"060514","S",,,,
1162,1473551,"055868","LF",,,,
1163,1473604,"068632","F",,,,
1164,1473599,"068632","F",,,,
1170,1474396,"055870","LF",,,,
1171,1474456,"055861","LF",,,,
1172,1474457,"055860","LF",,,,
1175,1475014,"055863","LF",,,,
1176,1476219,"055866","LF",,,,
1177,1476397,"100000",,,,,
1178,1477708,"068632","F",,,,
1179,1477529,"068632","F",,,,
1180,1477714,"068632","F",,,,
1181,1477575,"068632","F",,,,
1182,1478933,"055862","LF",,,,
1183,1481447,"100000",,,,,
1184,1482055,"100000",,,,,
1185,1481961,"100000",,,,,
1188,1488264,"061423","S",,,,
1189,1488308,"061423","S",,,,
1190,1488579,"061406","S",,,,
1191,1488600,"061406","S",,,,
1193,1488226,"061423","S",,,,
1194,1488196,"061423","S",,,,
1195,1488631,"061406","S",,,,
1196,1488630,"061406","S",,,,
1197,1488665,"061423","S",,,,
1198,1488666,"061423","S",,,,
1199,1488698,"061406","S",,,,
1201,1488699,"061423","S",,,,
1202,1488713,"061423","S",,,,
1203,1488714,"061406","S",,,,
1204,1488797,"061406","S",,,,
1205,1488798,"061406","S",,,,
1206,1488760,"061423","S",,,,
1207,1488756,"061406","S",,,,
1209,1488757,"061406","S",,,,
1210,1488753,"061406","S",,,,
1211,1488774,"100000",,,,,
1212,1488766,"061423","S",,,,
1213,1488767,"061423","S",,,,
1214,1488832,"061423","S",,,,
1215,1488882,"061423","S",,,,
1216,1488854,"061406","S",,,,
1217,1488928,"061406","S",,,,
1218,1488930,"100000",,,,,
1219,1488930,"061406","S",,,,
1220,1488931,"061423","S",,,,
1221,1488934,"061423","S",,,,
1222,1488981,"061424","S",,,,
1223,1488984,"061406","S",,,,
1224,1488984,"061424","S",,,,
1225,1488985,"061423","S",,,,
1226,1488988,"100000",,,,,
1227,1488991,"061406","S",,,,
1228,1488992,"061424","S",,,,
1229,1488949,"061406","S",,,,
1230,1489016,"061406","S",,,,
1232,1488893,"061424","S",,,,
1233,1488974,"061406","S",,,,
1234,1488996,"061406","S",,,,
1235,1489055,"061406","S",,,,
1236,1489059,"061423","S",,,,
1237,1489060,"061423","S",,,,
1238,1489062,"061423","S",,,,
1239,1489063,"061406","S",,,,
1240,1489041,"061406","S",,,,
1241,1489034,"061406","S",,,,
1242,1489043,"061406","S",,,,
1243,1489030,"061423","S",,,,
1244,1489083,"061406","S",,,,
1245,1489232,"061406","S",,,,
1246,1489233,"061423","S",,,,
1247,1489214,"061406","S",,,,
1248,1489155,"061406","S",,,,
1249,1489171,"061423","S",,,,
1250,1489172,"061423","S",,,,
1251,1489269,"061406","S",,,,
1252,1489270,"061406","S",,,,
1253,1489285,"061424","S",,,,
1254,1489327,"061406","S",,,,
1255,1489327,"061406","S",,,,
1256,1489328,"061424","S",,,,
1257,1489338,"061423","S",,,,
1258,1489335,"061406","S",,,,
1259,1489336,"061406","S",,,,
1260,1489337,"061423","S",,,,
1261,1489299,"061406","S",,,,
1262,1489368,"061406","S",,,,
1263,1489371,"061423","S",,,,
1264,1489421,"061406","S",,,,
1265,1489379,"061423","S",,,,
1266,1489548,"061406","S",,,,
1267,1489486,"061406","S",,,,
1268,1489506,"061406","S",,,,
1269,1489506,"061406","S",,,,
1270,1489507,"061423","S",,,,
1271,1489508,"061424","S",,,,
1272,1489597,"061423","S",,,,
1273,1489522,"061406","S",,,,
1274,1489526,"100000",,,,,
1275,1489556,"061406","S",,,,
1276,1489682,"061406","S",,,,
1277,1489676,"061423","S",,,,
1278,1489677,"061423","S",,,,
1279,1489621,"061423","S",,,,
1280,1489768,"061406","S",,,,
1281,1489769,"061423","S",,,,
1282,1489770,"061423","S",,,,
1283,1489771,"061406","S",,,,
1284,1489772,"061406","S",,,,
1285,1489774,"061423","S",,,,
1286,1489723,"061424","S",,,,
1287,1489853,"061406","S",,,,
1288,1489854,"061424","S",,,,
1289,1489855,"061406","S",,,,
1290,1489834,"061423","S",,,,
1291,1489887,"100000",,,,,
1292,1489875,"061406","S",,,,
1293,1490023,"100000",,,,,
1295,1490067,"061406","S",,,,
1296,1490068,"061423","S",,,,
1297,1490056,"061424","S",,,,
1298,1489963,"061424","S",,,,
1299,1489952,"061406","S",,,,
1300,1490047,"061406","S",,,,
1301,1489944,"061406","S",,,,
1324,1490505,"100000",,,,,
1325,1490503,"061406","S",,,,
1326,1490504,"061423","S",,,,
1327,1490394,"061423","S",,,,
1328,1490466,"061423","S",,,,
1329,1490442,"061424","S",,,,
1330,1490443,"061423","S",,,,
1331,1490388,"061406","S",,,,
1332,1490663,"061406","S",,,,
1333,1490663,"061406","S",,,,
1334,1490628,"061406","S",,,,
1335,1490755,"061423","S",,,,
1336,1490953,"061424","S",,,,
1337,1490982,"061406","S",,,,
1338,1490890,"061406","S",,,,
1339,1491033,"061423","S",,,,
1340,1490973,"061424","S",,,,
1341,1490995,"061406","S",,,,
1342,1490777,"061406","S",,,,
1343,1490847,"100000",,,,,
1344,1490791,"061423","S",,,,
1345,1491486,"061423","S",,,,
1346,1491563,"100000",,,,,
1347,1491455,"061424","S",,,,
1348,1491463,"061423","S",,,,
1349,1491464,"061423","S",,,,
1350,1491509,"061423","S",,,,
1351,1491386,"061424","S",,,,
1352,1491426,"100000",,,,,
1353,1491364,"061406","S",,,,
1354,1491658,"061406","S",,,,
1355,1491618,"061406","S",,,,
1356,1491191,"061424","S",,,,
1357,1491222,"061424","S",,,,
1358,1491234,"061424","S",,,,
1359,1491235,"061406","S",,,,
1360,1491109,"061423","S",,,,
1361,1491055,"061406","S",,,,
1362,1491139,"061406","S",,,,
1363,1491140,"061406","S",,,,
1364,1491141,"061424","S",,,,
1365,1491142,"061424","S",,,,
1366,1491218,"061423","S",,,,
1367,1491219,"061424","S",,,,
1368,1491220,"061424","S",,,,
1369,1491289,"061406","S",,,,
1370,1491291,"061423","S",,,,
1371,1491292,"061406","S",,,,
1372,1491180,"100000",,,,,
1373,1491183,"061424","S",,,,
1374,1491201,"061423","S",,,,
1375,1491185,"061424","S",,,,
1376,1491241,"061423","S",,,,
1378,1491242,"061424","S",,,,
1379,1491840,"061423","S",,,,
1380,1491841,"100000",,,,,
1381,1491843,"061406","S",,,,
1382,1491844,"061423","S",,,,
1383,1491846,"061423","S",,,,
1384,1491847,"100000",,,,,
1385,1491682,"061423","S",,,,
1386,1491976,"061406","S",,,,
1387,1491867,"100000",,,,,
1388,1492050,"061424","S",,,,
1389,1492083,"061424","S",,,,
1390,1492084,"061424","S",,,,
1391,1489017,"061406","S",,,,
1392,1492170,"061406","S",,,,
1393,1492221,"061406","S",,,,
1394,1490024,"100000",,,,,
1395,1470110,"060521","S",,,,
1396,1431880,"055857","LF",,,,
1397,1435106,"068697","S",,,,
1398,1435143,"060521","S",,,,
1399,1435139,"060521","S",,,,
1400,1435462,"068697","S",,,,
1401,1435596,"068697","S",,,,
1403,1470111,"060521","S",,,,
1404,1470108,"060521","S",,,,
1405,1470109,"068697","S",,,,
1406,1467189,"055859","LF",,,,
1407,1468791,"055862","LF",,,,
1408,1468606,"055862","LF",,,,
1409,1469113,"055862","LF",,,,
1410,1469759,"055864","LF",,,,
1411,1470276,"068632","F",,,,
1412,1470810,"100000",,,,,
1413,1488216,"100000",,,,,
1414,1409649,"100000",,,,,
1415,1431420,"055857","LF",,,,
1416,1435358,"068697","S",,,,
1417,1435483,"068697","S",,,,
1418,1466763,"055864","LF",,,,
1419,1468497,"055872","LF",,,,
1420,1470252,"055867","LF",,,,
1421,1470119,"055862","LF",,,,
1422,1471782,"068632","F",,,,
1423,1479330,"055859","LF",,,,
1424,1479624,"055859","LF",,,,
1425,1479362,"055861","LF",,,,
1426,1479292,"055868","LF",,,,
1427,1477298,"055866","LF",,,,
1428,1490397,"061424","S",,,,
1429,1490526,"061406","S",,,,
1430,1492305,"061424","S",,,,
1431,1492382,"100000",,,,,
1432,1492287,"100000",,,,,
1433,1492365,"061423","S",,,,
1434,1492367,"061423","S",,,,
1435,1492365,"061406","S",,,,
1436,1492781,"061423","S",,,,
1437,1493571,"061424","S",,,,
1438,1493594,"061424","S",,,,
1439,1492950,"061406","S",,,,
1440,1493296,"061423","S",,,,
1441,1492571,"061406","S",,,,
1442,1492596,"061423","S",,,,
1443,1466915,"055864","LF",,,,
1444,1466925,"055859","LF",,,,
1445,1467763,"055864","LF",,,,
1446,1467465,"055870","LF",,,,
1447,1479401,"068632","F",,,,
1448,1493900,"060790","F",,,,
1449,1494144,"061424","S",,,,
1450,1494892,"061424","S",,,,
1451,1495582,"060790","F",,,,
1452,1495520,"061406","S",,,,
1453,1494474,"061424","S",,,,
1454,1494615,"061424","S",,,,
1455,1494858,"061423","S",,,,
1456,1494914,"061423","S",,,,
1457,1494915,"061406","S",,,,
1458,1495287,"061424","S",,,,
1459,1495310,"061406","S",,,,
1460,1495012,"061424","S",,,,
1462,1495160,"061424","S",,,,
1463,1495363,"061423","S",,,,
1464,1495377,"061424","S",,,,
1465,1495901,"061423","S",,,,
1466,1495902,"061424","S",,,,
1467,1495907,"060790","F",,,,
1468,1495954,"060790","F",,,,
1469,1496202,"060790","F",,,,
1470,1496292,"060790","F",,,,
1471,1496129,"061423","S",,,,
1472,1496130,"061424","S",,,,
1473,1496131,"061406","S",,,,
1474,1496132,"061406","S",,,,
1475,1496133,"061424","S",,,,
1476,1496524,"100000",,,,,
1477,1496720,"061406","S",,,,
1478,1496787,"060790","F",,,,
1479,1496687,"060790","F",,,,
1480,1496690,"060790","F",,,,
1481,1496811,"060790","F",,,,
1482,1496928,"060433","F",,,,
1484,1496929,"060433","F",,,,
1485,1496934,"060790","F",,,,
1486,1497215,"060433","F",,,,
1487,1497579,"060790","F",,,,
1488,1497577,"060790","F",,,,
1489,1497369,"060790","F",,,,
1490,1498403,"060433","F",,,,
1491,1498493,"060433","F",,,,
1492,1498495,"060790","F",,,,
1493,1498500,"060790","F",,,,
1494,1498504,"060790","F",,,,
1495,1498506,"060790","F",,,,
1496,1498773,"060433","F",,,,
1497,1498770,"060433","F",,,,
1498,1496829,"060790","F",,,,
1499,1497273,"061424","S",,,,
1500,1497630,"060790","F",,,,
1501,1497991,"061424","S",,,,
1502,1498545,"061423","S",,,,
1503,1499133,"060433","F",,,,
1504,1499135,"061406","S",,,,
1505,1499363,"060790","F",,,,
1506,1499226,"060433","F",,,,
1507,1499356,"100000",,,,,
1508,1499483,"060433","F",,,,
1509,1499657,"060790","F",,,,
1510,1499838,"060433","F",,,,
1511,1500490,"061407","F",,,,
1512,1500564,"060433","F",,,,
1513,1500523,"061407","F",,,,
1514,1500522,"100000",,,,,
1515,1500640,"100000",,,,,
1516,1500812,"060433","F",,,,
1517,1500740,"068728","F",,,,
1518,1500743,"061407","F",,,,
1519,1500717,"060433","F",,,,
1520,1500932,"060433","F",,,,
1521,1500924,"061407","F",,,,
1522,1500964,"060433","F",,,,
1523,1501007,"068728","F",,,,
1524,1501086,"061407","F",,,,
1525,1501088,"061407","F",,,,
1526,1501090,"068728","F",,,,
1527,1501091,"060433","F",,,,
1528,1501091,"068728","F",,,,
1529,1501095,"060433","F",,,,
1530,1501100,"060433","F",,,,
1531,1501014,"061407","F",,,,
1532,1501258,"068728","F",,,,
1533,1501259,"060433","F",,,,
1534,1501262,"068728","F",,,,
1535,1501224,"060433","F",,,,
1536,1501226,"068728","F",,,,
1537,1501425,"061407","F",,,,
1538,1501426,"068728","F",,,,
1539,1501415,"068728","F",,,,
1540,1501416,"068728","F",,,,
1541,1501383,"068728","F",,,,
1542,1501383,"068728","F",,,,
1543,1501385,"060433","F",,,,
1544,1501250,"100000",,,,,
1545,1501240,"060790","F",,,,
1546,1501238,"061407","F",,,,
1547,1501506,"061407","F",,,,
1548,1501507,"068728","F",,,,
1549,1501452,"068728","F",,,,
1550,1501638,"068728","F",,,,
1551,1501522,"061407","F",,,,
1552,1501769,"100000",,,,,
1553,1501757,"068728","F",,,,
1554,1501760,"060433","F",,,,
1555,1502136,"060433","F",,,,
1556,1502326,"068728","F",,,,
1557,1502379,"060433","F",,,,
1558,1502380,"068728","F",,,,
1559,1502362,"060433","F",,,,
1560,1502335,"068728","F",,,,
1561,1502340,"068728","F",,,,
1562,1502342,"061407","F",,,,
1563,1502346,"060790","F",,,,
1564,1502358,"061406","S",,,,
1565,1501488,"068728","F",,,,
1566,1502882,"061407","F",,,,
1567,1503024,"068728","F",,,,
1568,1503029,"060433","F",,,,
1569,1503264,"068728","F",,,,
1570,1503055,"068728","F",,,,
1571,1503194,"068728","F",,,,
1572,1503006,"060790","F",,,,
1573,1503244,"068728","F",,,,
1574,1503247,"060433","F",,,,
1575,1503017,"068728","F",,,,
1576,1503035,"068728","F",,,,
1577,1503036,"068728","F",,,,
1578,1503637,"068728","F",,,,
1579,1503639,"060433","F",,,,
1580,1503952,"068728","F",,,,
1581,1504205,"060433","F",,,,
1582,1504298,"068728","F",,,,
1583,1504904,"068728","F",,,,
1584,1504906,"061407","F",,,,
1585,1505034,"068728","F",,,,
1586,1505352,"068728","F",,,,
1587,1505477,"100000",,,,,
1588,1505072,"068728","F",,,,
1589,1505073,"060433","F",,,,
1590,1505900,"068728","F",,,,
1591,1506177,"068728","F",,,,
1592,1505535,"068728","F",,,,
1593,1505538,"060433","F",,,,
1594,1505542,"068728","F",,,,
1595,1505547,"068728","F",,,,
1596,1505551,"060433","F",,,,
1597,1506302,"068728","F",,,,
1598,1506661,"068728","F",,,,
1599,1507831,"060433","F",,,,
1600,1502314,"068728","F",,,,
1601,1502317,"068728","F",,,,
1602,1502264,"100000",,,,,
1603,1506824,"061407","F",,,,
1604,1506260,"061406","S",,,,
1605,1506549,"061406","S",,,,
1606,1509134,"068728","F",,,,
1607,1553929,"061419","S",,,,
1608,1553930,"061420","S",,,,
1609,1554543,"055980","LF",,,,
1610,1554567,"100000","LF",,,,
1611,1554918,"055980","LF",,,,
1612,1554919,"055993","LF",,,,
1613,1554920,"055990","LF",,,,
1614,1554920,"055986","LF",,,,
1615,1554927,"055983","LF",,,,
1620,1554984,"055990","LF",,,,
1621,1555014,"055991","LF",,,,
1622,1555015,"055988","LF",,,,
1623,1555020,"100000","LF",,,,
1624,1555109,"055987","LF",,,,
1625,1555114,,,,,,
1627,1555235,"055993","LF",,,,
1628,1555246,,,,,,
1629,1555281,"055989","LF",,,,
1630,1555296,"055989","LF",,,,
1631,1555301,"055983","LF",,,,
1632,1555315,"100000","LF",,,,
1633,1555329,"055986","LF",,,,
1634,1555335,"055992","LF",,,,
1635,1555346,"055988","LF",,,,
1636,1555347,"055987","LF",,,,
1637,1555420,,"W",,,,
1638,1555457,,,,,,
1639,1555468,"055984","LF",,,,
1640,1555469,,,,,,
1641,1555470,,,,,,
1642,1555491,"055980","LF",,,,
1643,1555503,,,,,,
1644,1555504,,,,,,
1645,1555500,,,,,,
1646,1555512,,,,,,
1647,1555585,"100000",,,,,
1648,1555619,"100000",,,,,
1649,1555624,"055988","LF",,,,
1650,1555631,"100000",,,,,
1651,1555646,"055984","LF",,,,
1652,1555647,"055988","LF",,,,
1653,1555648,"055984","LF",,,,
1654,1555649,"055986","LF",,,,
1655,1555650,"055983","LF",,,,
1656,1555651,"061419","S",,,,
1657,1555652,"055984","LF",,,,
1659,1555826,"055984","LF",,,,
1660,1555858,"061439","S",,,,
1661,1555896,"061440","S",,,,
1662,1555909,"061440","S",,,,
1663,1555980,"061419","S",,,,
1664,1556016,"100000",,,,,
1665,1556034,"061439","S",,,,
1666,1556053,"061437","S",,,,
1667,1556074,"061439","S",,,,
1668,1556090,"061437","S",,,,
1669,1556138,"061437","S",,,,
1670,1556158,"061440","S",,,,
1671,1556159,"055982","LF",,,,
1672,1556148,"061440","S",,,,
1673,1556149,"061439","S",,,,
1674,1556150,"061440","S",,,,
1675,1556208,"061439","S",,,,
1676,1556213,"061439","S",,,,
1677,1556215,"061440","S",,,,
1678,1556216,"061439","S",,,,
1679,1556219,"061440","S",,,,
1680,1556221,"100000",,,,,
1681,1556222,"061440","S",,,,
1682,1556260,"061440","S",,,,
1683,1556264,"061440","S",,,,
1684,1556265,"061439","S",,,,
1685,1556271,"061437","S",,,,
1686,1556272,"100000",,,,,
1687,1556281,"100000",,,,,
1688,1556282,"061439","S",,,,
1689,1556283,"061440","S",,,,
1690,1556284,"100000",,,,,
1691,1556293,"061440","S",,,,
1692,1556296,"061439","S",,,,
1693,1556322,"061437","S",,,,
1694,1556323,"061439","S",,,,
1695,1556324,"061440","S",,,,
1696,1556325,"061439","S",,,,
1697,1556326,"061439","S",,,,
1698,1556329,"061439","S",,,,
1699,1556330,"061420","S",,,,
1700,1556358,"061439","S",,,,
1701,1556370,"061439","S",,,,
1711,1556547,"061439","S",,,,
1712,1556556,"061437","S",,,,
1713,1556557,"061439","S",,,,
1714,1556558,"061440","S",,,,
1715,1556559,"061437","S",,,,
1716,1556594,"061437","S",,,,
1717,1556601,"061439","S",,,,
1718,1556631,"061437","S",,,,
1719,1556633,"061439","S",,,,
1720,1556634,"061439","S",,,,
1721,1556635,,,,,,
1722,1556636,"061439","S",,,,
1723,1556637,"055909","W",,,,
1724,1556676,"061439","S",,,,
1725,1556680,"061439","S",,,,
1726,1556681,"061439","S",,,,
1727,1556701,"061437","S",,,,
1728,1556704,"061437","S",,,,
1729,1556727,"055909","W",,,,
1730,1556751,"061439","S",,,,
1731,1556756,"061439","S",,,,
1732,1556757,"061439","S",,,,
1733,1556758,"061440","S",,,,
1734,1556760,"061440","S",,,,
1739,1556815,,,,,,
1740,1556816,"061440","S",,,,
1741,1556818,"061437","S",,,,
1742,1556846,"061437","S",,,,
1743,1556849,"061440","S",,,,
1744,1556909,,,,,,
1745,1556910,"061437","S",,,,
1746,1556914,"061439","S",,,,
1779,1556923,,,,"F",,
1780,1556888,,,,"F",,
1781,1556889,,,,"F",,
1782,1556886,,,,"F",,
1783,1556887,,,,"F",,
1784,1556835,,,,"F",,
1785,1556919,,,,"F",,
1786,1556918,,,,"F",,
1787,1556917,,,,"F",,
1788,1556916,,,,"F",,
1789,1556915,,,,"F",,
1916,1558521,"061437","S",,,,
1917,1558526,"061437","S",,,,
1918,1558530,"061437","S",,,,
1919,1558576,"061437","S",,,,
1920,1558577,"061440","S",,,,
1921,1558580,"061440","S",,,,
1922,1558582,"061439","S",,,,
1923,1558619,"100000",,,,,
1924,1558629,"061437","S",,,,
1925,1558631,"061437","S",,,,
1926,1558632,"061440","S",,,,
1927,1558634,"061439","S",,,,
1928,1558668,"061437","S",,,,
1929,1558677,"061437","S",,,,
1930,1558679,"061437","S",,,,
1931,1558682,"061437","S",,,,
1932,1558685,"061439","S",,,,
1933,1558700,"061439","S",,,,
1934,1558701,"061440","S",,,,
1935,1558708,"061439","S",,,,
1936,1558709,"055910","W",,,,
1937,1558721,"061437","S",,,,
1938,1558745,"055990","LF",,,,
1939,1558746,"061437","S",,,,
1940,1558830,"061437","S",,,,
1941,1558831,"061437","S",,,,
1942,1558832,"061437","S",,,,
1943,1558864,"061439","S",,,,
1944,1558869,"061439","S",,,,
1945,1558878,"061437","S",,,,
1946,1558880,"061440","S",,,,
1947,1558882,"061440","S",,,,
1948,1558883,"061439","S",,,,
1949,1558933,"061439","S",,,,
1950,1558969,"061437","S",,,,
1951,1558971,"061437","S",,,,
1952,1558974,"061437","S",,,,
1953,1558977,"061437","S",,,,
1954,1558979,"061437","S",,,,
1955,1558981,"061437","S",,,,
1956,1558983,"061440","S",,,,
1957,1558984,"061437","S",,,,
1958,1558984,"061439","S",,,,
1959,1559009,"061440","S",,,,
1960,1559013,"061437","S",,,,
1961,1559016,"061437","S",,,,
1962,1559018,"061437","S",,,,
1963,1559020,"061440","S",,,,
1964,1559022,"055992","LF",,,,
1965,1559031,"061437","S",,,,
1966,1559035,"061437","S",,,,
1967,1559035,"061440","S",,,,
1968,1559037,"061437","S",,,,
1969,1559038,"061440","S",,,,
1970,1559083,"061440","S",,,,
1971,1559084,"061437","S",,,,
1972,1559085,"061439","S",,,,
1973,1559085,"061437","S",,,,
1974,1559087,"061437","S",,,,
1975,1559137,"100000",,,,,
1976,1559179,"061437","S",,,,
1977,1559196,"061437","S",,,,
1978,1559197,"061437","S",,,,
1979,1559227,"061437","S",,,,
1980,1559236,"061440","S",,,,
1981,1559256,"061440","S",,,,
1982,1559414,"061437","S",,,,
1983,1559431,"061437","S",,,,
1984,1559505,"061437","S",,,,
1985,1559506,"061437","S",,,,
1986,1559544,"061440","S",,,,
1987,1559578,"061437","S",,,,
1988,1559629,"061437","S",,,,
1989,1559630,"061437","S",,,,
1990,1559703,"061437","S",,,,
1991,1559704,"061439","S",,,,
1992,1559742,"061437","S",,,,
1993,1559748,"061437","S",,,,
1994,1559257,,,,"F",,
1995,1558865,,,,"F",,
1996,1559023,,,,"F",,
1997,1559024,,,,"F",,
2027,1560859,"061439","S",,,,
2028,1560865,"061437","S",,,,
2029,1560941,"061440","S",,,,
2035,1559469,,,,"F",,
2036,1559679,,,,"F",,
2037,1559290,,,,"F",,
2038,1559498,,,,"F",,
2039,1555617,,,,"F",,
2040,1555618,,,,"F",,
2041,1555645,,,,"F",,
2042,1555653,,,,"F",,
2043,1555658,,,,"F",,
2050,1561452,"061437","S",,,,
2051,1561461,"061437","S",,,,
2052,1561462,"061437","S",,,,
2053,1561466,"061437","S",,,,
2054,1561467,"061437","S",,,,
2055,1561469,"061438","S",,,,
2056,1561517,"061437","S",,,,
2057,1561544,"100000",,,,,
2058,1561549,"100000",,,,,
2059,1561550,"061437","S",,,,
2060,1561552,"061437","S",,,,
2061,1561555,"061437","S",,,,
2062,1561560,"061438","S",,,,
2063,1561568,"061437","S",,,,
2064,1561572,"061437","S",,,,
2065,1561573,"061438","S",,,,
2066,1561667,"061439","S",,,,
2070,1561607,,,,"F",,
2071,1561565,,,,"F",,
2072,1561556,,,,"F",,
2073,1561519,,,,"F",,
2074,1561884,"061437","S",,,,
2075,1561955,"061437","S",,,,
2076,1562040,"061438","S",,,,
2077,1562073,"061437","S",,,,
2078,1562076,"061437","S",,,,
2079,1562209,"061440","S",,,,
2080,1562252,"061437","S",,,,
2081,1562260,"061437","S",,,,
2082,1562261,"061437","S",,,,
2083,1562262,"061440","S",,,,
2084,1562263,"061437","S",,,,
2085,1562287,"061438","S",,,,
2086,1562298,"061437","S",,,,
2087,1562299,"061439","S",,,,
2088,1562534,"100000",,,,,
2089,1562588,"061437","S",,,,
2090,1562610,"061437","S",,,,
2091,1562618,"061437","S",,,,
2092,1562620,"061437","S",,,,
2093,1562624,"061440","S",,,,
2094,1562639,"061440","S",,,,
2095,1562685,"100000",,,,,
2096,1562686,"061437","S",,,,
2097,1562687,"061439","S",,,,
2098,1562702,"061437","S",,,,
2099,1562706,"061437","S",,,,
2100,1562707,"100000",,,,,
2101,1562715,"061437","S",,,,
2102,1562721,"061437","S",,,,
2103,1562723,"061437","S",,,,
2104,1562724,"061437","S",,,,
2105,1562731,"061440","S",,,,
2106,1562824,"100000",,,,,
2107,1562837,"061438","S",,,,
2108,1562929,"061437","S",,,,
2109,1562929,"061437","S",,,,
2110,1563127,"061437","S",,,,
2111,1563127,"061437","S",,,,
2112,1563150,"061437","S",,,,
2113,1563475,"061454","S",,,,
2114,1563823,"061438","S",,,,
2115,1563886,"061437","S",,,,
2116,1564215,"061437","S",,,,
2117,1564260,"061437","S",,,,
2118,1564351,"061437","S",,,,
2119,1564392,"061437","S",,,,
2120,1564404,"061439","S",,,,
2121,1564531,"061437","S",,,,
2122,1564534,"100000",,,,,
2123,1564834,"061454","S",,,,
2124,1564551,"055912","W",,,,
2125,1564747,"055912","W",,,,
2126,1564525,"100000",,,,,
2127,1565049,"061437","S",,,,
2128,1565162,"061438","S",,,,
2129,1565163,"061438","S",,,,
2130,1565195,"061437","S",,,,
2131,1565381,"061440","S",,,,
2132,1565385,"061439","S",,,,
2133,1565387,"061440","S",,,,
2134,1565393,"061440","S",,,,
2135,1565504,"061440","S",,,,
2136,1565509,"061439","S",,,,
2137,1565622,"055981","LF",,,,
2138,1555846,,,,"F",,
2139,1555827,,,,"F",,
2140,1555837,,,,"F",,
2141,1555761,,,,"W",,
2142,1555762,,,,"W",,
2143,1556824,,,,"W",,
2144,1559314,,,,"W",,
2145,1566361,"061438","S",,,,
2146,1592308,"061437","S",,,,
2147,1592309,"061437","S",,,,
2148,1592317,"061437","S",,,,
2149,1592321,"061437","S",,,,
2150,1592322,"061439","S",,,,
2151,1592330,"055983","LF",,,,
2152,1592338,"061437","S",,,,
2153,1592346,"061437","S",,,,
2154,1592349,"100000",,,,,
2155,1592350,"061419","S",,,,
2156,1592350,"061419","S",,,,
2157,1592358,"061439","S",,,,
2158,1592373,"061437","S",,,,
2159,1592374,"061437","S",,,,
2160,1592406,"061439","S",,,,
2161,1592406,"061439","S",,,,
2162,1592411,"061437","S",,,,
2163,1592415,"061437","S",,,,
2164,1592427,"061437","S",,,,
2165,1592483,"061437","S",,,,
2166,1592485,"061439","S",,,,
2167,1592487,"061437","S",,,,
2168,1592489,"061439","S",,,,
2169,1592496,"061437","S",,,,
2170,1592504,"061437","S",,,,
2171,1592506,"061437","S",,,,
2172,1592506,"061437","S",,,,
2173,1592508,"061437","S",,,,
2174,1592508,"061437","S",,,,
2175,1592509,"061437","S",,,,
2176,1592509,"061437","S",,,,
2177,1592510,"061437","S",,,,
2178,1592513,"061440","S",,,,
2179,1592534,"061437","S",,,,
2180,1592538,"100000",,,,,
2181,1592541,"061437","S",,,,
2182,1592542,"061437","S",,,,
2183,1592546,"061440","S",,,,
2184,1592577,"061437","S",,,,
2185,1592581,"061437","S",,,,
2186,1592586,"061437","S",,,,
2187,1592588,"061437","S",,,,
2188,1592589,"061437","S",,,,
2189,1592590,"061437","S",,,,
2190,1592591,"061437","S",,,,
2191,1592593,"061437","S",,,,
2192,1592566,,,,"F",,
2193,1592493,,,,"F",,
2194,1592417,,,,"F",,
2195,1592441,,,,"F",,
2196,1592442,,,,"F",,
2197,1592368,,,,"F",,
2198,1603989,"061445","S","13007",,,
2199,1604239,"061445","S","13008",,,
2200,1604403,"061443","S","13009",,,
2201,1604591,"061445","S","13011",,,
2202,1604592,"061444","S","13010",,,
2203,1605298,"056134","LF","13014",,,
2204,1605359,"061445","S","13020",,,
2205,1605360,"056145","LF","13018",,,
2206,1605361,"061445","S","13019",,,
2207,1605479,"056146","LF","13017",,,
2208,1605479,"056145","LF","13147",,,
2209,1605529,"056138","LF","12652",,,
2210,1605666,"061445","S","13013",,,
2211,1605667,"056137","LF","13012",,,
2212,1605972,"056146","LF","13022",,,
2213,1606014,"056135","LF","13023",,,
2214,1606015,"056146","LF","13024",,,
2215,1606313,"056144","LF","13027",,,
2216,1606332,"056139","LF","13026",,,
2217,1606333,"056135","LF","13025",,,
2218,1606357,"056141","LF","13028",,,
2219,1606393,"056144","LF","13029",,,
2220,1606482,"056135","LF","13031",,,
2221,1606505,"056146","LF","13030",,,
2222,1606544,"056134","LF","13034",,,
2223,1606545,"056139","LF","13032",,,
2224,1606546,"056137","LF","13033",,,
2225,1604827,"056134","LF","050",,,
2226,1606751,"056145","LF","13036",,,
2227,1606787,"056145","LF","13037",,,
2228,1607222,"056134","LF","002",,,
2229,1607223,"056135","LF","003",,,
2230,1607248,"056140","LF","001",,,
2231,1607289,"056142","LF","13038",,,
2232,1607610,"056137","LF","13146",,,
2233,1608508,"056138","LF","153",,,
2234,1607746,"056140","LF","152",,,
2235,1607747,"056145","LF","151",,,
2236,1608440,"056136","LF","13039",,,
2237,1608637,"056146","LF","13041",,,
2238,1608971,"056137","LF","13043",,,
2239,1608972,"056136","LF","13042",,,
2240,1609171,"056136","LF","13044",,,
2241,1609353,"056144","LF","13045",,,
2242,1610243,"056147","LF","004",,,
2243,1610126,"056145","LF","154",,,
2244,1610305,"056142","LF","158",,,
2245,1610306,"056147","LF","13046",,,
2246,1610390,"056136","LF","156",,,
2247,1610447,"056147","LF","159",,,
2248,1610462,"056147","LF","157",,,
2249,1610512,"056147","LF","13047",,,
2250,1610565,"056147","LF","13049",,,
2251,1610585,"056147","LF","13048",,,
2252,1610702,"056147","LF","13051",,,
2253,1610756,"056147","LF","13055",,,
2254,1610802,"056147","LF","13057",,,
2255,1610803,"056147","LF","13056",,,
2256,1610834,"056147","LF","13054",,,
2257,1610835,"056147","LF","13052",,,
2258,1610836,"056147","LF","13053",,,
2259,1610626,"056147","LF","160",,,
2260,1610627,"056147","LF","161",,,
2261,1610584,"056135","LF","162",,,
2262,1610485,"056147","LF","163",,,
2263,1610914,"056147","LF","13061",,,
2264,1610931,"056147","LF","164",,,
2265,1611003,"056147","LF","13058",,,
2266,1611110,"056147","LF","13060",,,
2267,1611111,"056146","LF","13059",,,
2268,1611214,"056147","LF","165",,,
2269,1611270,"056147","LF","13062",,,
2270,1611276,"056147","LF","008",,,
2271,1611277,"056147","LF","007",,,
2272,1611278,"056147","LF","006",,,
2273,1611372,"056147","LF","005",,,
2274,1611373,"056145","LF","009",,,
2275,1611374,"056147","LF","010",,,
2276,1611385,"056147","LF","166",,,
2277,1611386,"056147","LF","170",,,
2278,1611387,"056147","LF","167",,,
2279,1611388,"056147","LF","169",,,
2280,1611389,"056147","LF","168",,,
2281,1611415,"056147","LF","011",,,
2282,1611435,"056147","LF","171",,,
2283,1611436,"056147","LF","172",,,
2284,1611461,"056147","LF","173",,,
2285,1611510,"056147","LF","13064",,,
2286,1611511,"056147","LF","13063",,,
2287,1611741,"056147","LF","013",,,
2288,1611881,"056139","LF","13066",,,
2289,1611902,"056143","LF","012",,,
2290,1611928,"056147","LF","175",,,
2291,1611929,"056147","LF","174",,,
2292,1611930,"056147","LF","177",,,
2293,1611931,"056147","LF","176",,,
2294,1611936,"056147","LF","13065",,,
2295,1601427,,,,"F","C183319CVP",9.92999971e-01
2296,1606750,,,,"F",,
2297,1607447,,,,"F",,
2298,1607705,,,,"F",,
2299,1608345,,,,"F",,
2300,1612034,"056147","LF","178",,,
2301,1607539,,,,"F",,
2303,1612470,"056147","LF","13067",,,
2304,1612735,"056147","LF","179",,,
2305,1613495,"056141","LF","180",,,
2306,1613496,"056147","LF","181",,,
2307,1613839,"056147","LF","182",,,
2308,1614093,"056147","LF","183",,,
2309,1614286,"056143","LF","184",,,
2310,1614516,"056147","LF","185",,,
2311,1614672,"056147","LF","13068",,,
2312,1614919,"061409","S","13082",,,
2313,1614920,"061409","S","13081",,,
2314,1614942,"061409","S","186",,,
2315,1615171,"056147","LF","187",,,
2316,1615201,"056147","LF","014",,,
2317,1615282,"061409","S","13093",,,
2318,1615319,"056147","LF","188",,,
2319,1615600,"061409","S","13107",,,
2320,1615668,"061409","S","13108",,,
2321,1615559,"061409","S","189",,,
2322,1615726,"061409","S","190",,,
2323,1615883,"056146","LF","191",,,
2324,1615831,"056147","LF","192",,,
2325,1615978,"061409","S","193",,,
2326,1616159,"061410","S","13122",,,
2327,1616238,"061410","S","13121",,,
2328,1617016,"061409","S","13130",,,
2329,1617320,"056147","LF","12658",,,
2330,1617366,"061409","S","12657",,,
2331,1617365,"061410","S","12655",,,
2332,1617577,"061409","S","13132",,,
2337,1618968,"061410","S","12665",,,
2338,1619227,"061410","S","12671",,,
2339,1619312,"061409","S","12668",,,
2340,1620766,"061409","S","194",,,
2341,1621040,"056145","LF","015",,,
2342,1621054,"061409","S","196",,,
2343,1621121,"056147","LF","197",,,
2344,1621370,"061410","S","199",,,
2345,1621514,"061409","S","200",,,
2346,1621736,"061409","S","13141",,,
2347,1621814,"061410","S","13140",,,
2348,1621878,"056147","LF","198",,,
2349,1622723,"061409","S","201",,,
2350,1614921,"100000",,,,,
2351,1623414,"061409","S","12719",,,
2352,1623415,"061409","S","12720",,,
2353,1623683,"061409","S","12735",,,
2354,1623437,"056139","LF","202",,,
2355,1623408,"061409","S","203",,,
2356,1623562,"061409","S","204",,,
2357,1623732,"061409","S","205",,,
2358,1623733,"061410","S","206",,,
2359,1623734,"061409","S","207",,,
2360,1623735,"061409","S","208",,,
2361,1623770,"061409","S","016",,,
2364,1624059,"061409","S","217",,,
2365,1624060,"061409","S","218",,,
2366,1624063,"100000",,"018",,,
2367,1624064,"061409","S","023",,,
2368,1624065,"100000",,"216",,,
2369,1624219,"061409","S","209",,,
2370,1624220,"061409","S","210",,,
2371,1624221,"061409","S","211",,,
2372,1624274,"061409","S","214",,,
2373,1624275,"061409","S","019",,,
2374,1624276,"100000",,"020",,,
2375,1624296,"061410","S","213",,,
2376,1624297,"061409","S","212",,,
2377,1624301,"061409","S","227",,,
2378,1624306,"061409","S","232",,,
2379,1624306,"061409","S","231",,,
2380,1624315,"061409","S","12741",,,
2381,1624324,"061409","S","230",,,
2382,1624338,"061409","S","215",,,
2383,1624339,"061409","S","228",,,
2384,1624382,"061409","S","022",,,
2385,1624386,"061409","S","021",,,
2386,1624410,"061409","S","235",,,
2387,1624420,"061409","S","234",,,
2388,1624421,"061409","S","226",,,
2389,1624509,"100000",,"024",,,
2390,1624510,"061409","S","219",,,
2391,1624523,"061409","S","220",,,
2392,1624578,"100000",,"222",,,
2393,1624585,"061409","S","221",,,
2411,1625268,"061410","S","282",,,0.00000000e+00
2412,1625273,"061409","S","279",,,0.00000000e+00
2413,1625274,"061409","S","280",,,0.00000000e+00
2414,1625280,"061409","S","12752",,,0.00000000e+00
2415,1625284,"061410","S","048",,,0.00000000e+00
2416,1625285,"061964","S","047",,,0.00000000e+00
2417,1625293,"061964","S","045",,,0.00000000e+00
2418,1625294,"061410","S","046",,,0.00000000e+00
2419,1625297,"061409","S","277",,,0.00000000e+00
2420,1625298,"061409","S","278",,,0.00000000e+00
2421,1625299,"061964","S","276",,,0.00000000e+00
2422,1625302,"061410","S","12753",,,0.00000000e+00
2423,1625303,"061409","S","283",,,0.00000000e+00
2424,1625304,"100000",,"281",,,0.00000000e+00
2425,1625320,"061409","S","049",,,0.00000000e+00
2426,1625330,"100000",,"056",,,0.00000000e+00
2427,1625331,"061409","S","288",,,0.00000000e+00
2428,1625338,"061964","S","099",,,0.00000000e+00
2429,1625339,"061964","S","101",,,0.00000000e+00
2430,1625340,"061964","S","092",,,0.00000000e+00
2431,1625341,"061964","S","102",,,0.00000000e+00
2432,1625341,"061964","S","086",,,0.00000000e+00
2433,1625341,"061964","S","091",,,0.00000000e+00
2434,1625342,"061410","S","090",,,0.00000000e+00
2435,1625343,"061410","S","098",,,0.00000000e+00
2436,1625343,"061964","S","100",,,0.00000000e+00
2437,1625343,"061964","S","095",,,0.00000000e+00
2438,1625343,"061964","S","096",,,0.00000000e+00
2439,1625344,"100000",,"063",,,0.00000000e+00
2440,1625344,"061964","S","089",,,0.00000000e+00
2441,1625345,"061409","S","084",,,0.00000000e+00
2442,1625345,"061410","S","088",,,0.00000000e+00
2443,1625346,"061964","S","017",,,0.00000000e+00
2444,1625347,"061410","S","097",,,0.00000000e+00
2445,1625348,"061409","S","087",,,0.00000000e+00
2446,1625349,"061409","S","094",,,0.00000000e+00
2447,1625350,"061410","S","085",,,0.00000000e+00
2448,1625351,"061409","S","103",,,0.00000000e+00
2449,1625351,"061409","S","083",,,0.00000000e+00
2450,1625352,"100000",,"093",,,0.00000000e+00
2451,1625353,"061409","S","284",,,0.00000000e+00
2452,1625354,"061410","S","285",,,0.00000000e+00
2453,1625358,"061409","S","060",,,0.00000000e+00
2454,1625365,"061410","S","286",,,0.00000000e+00
2455,1625366,"061409","S","287",,,0.00000000e+00
2456,1625367,"061964","S","057",,,0.00000000e+00
2457,1625368,"061964","S","058",,,0.00000000e+00
2458,1625369,"061409","S","059",,,0.00000000e+00
2459,1625370,"061964","S","052",,,0.00000000e+00
2460,1625371,"061964","S","055",,,0.00000000e+00
2461,1625372,"061410","S","053",,,0.00000000e+00
2462,1625373,"100000",,"051",,,0.00000000e+00
2463,1625374,"061409","S","054",,,0.00000000e+00
2464,1625387,"061964","S","062",,,0.00000000e+00
2465,1625387,"061410","S","061",,,0.00000000e+00
2466,1625393,"061410","S","291",,,0.00000000e+00
2467,1625396,"061964","S","110",,,0.00000000e+00
2468,1625397,"061409","S","105",,,0.00000000e+00
2469,1625397,"061964","S","106",,,0.00000000e+00
2470,1625398,"061410","S","104",,,0.00000000e+00
2471,1625399,"061964","S","113",,,0.00000000e+00
2472,1625399,"061410","S","111",,,0.00000000e+00
2473,1625399,"061964","S","107",,,0.00000000e+00
2474,1625400,"061410","S","112",,,0.00000000e+00
2475,1625400,"061964","S","109",,,0.00000000e+00
2476,1625401,"061409","S","114",,,0.00000000e+00
2477,1625402,"061410","S","108",,,0.00000000e+00
2478,1625412,"061409","S","064",,,0.00000000e+00
2479,1625429,"061409","S","290",,,0.00000000e+00
2480,1625437,"061409","S","115",,,0.00000000e+00
2481,1625441,"100000",,"289",,,0.00000000e+00
2491,1625523,"061964","S","142",,,0.00000000e+00
2492,1625524,"061410","S","138",,,0.00000000e+00
2493,1625525,"061409","S","144",,,0.00000000e+00
2494,1625542,"100000",,"077",,,0.00000000e+00
2495,1625552,"061964","S","139",,,0.00000000e+00
2496,1625554,"061964","S","133",,,0.00000000e+00
2497,1625555,"061410","S","076",,,0.00000000e+00
2498,1625556,"061964","S","073",,,0.00000000e+00
2499,1625558,"061409","S","072",,,0.00000000e+00
2500,1625560,"061964","S","070",,,0.00000000e+00
2501,1625561,"061409","S","071",,,0.00000000e+00
2502,1625566,"061964","S","104",,,0.00000000e+00
2503,1625567,"061409","S","141",,,0.00000000e+00
2504,1625572,"061410","S","135",,,0.00000000e+00
2505,1625573,"100000",,"136",,,0.00000000e+00
2506,1625574,"061409","S","134",,,0.00000000e+00
2507,1625576,"061410","S","075",,,0.00000000e+00
2508,1625577,"061410","S","074",,,0.00000000e+00
2509,1625593,"061964","S","079",,,0.00000000e+00
2510,1625594,"061410","S","080",,,0.00000000e+00
2511,1625613,"061964","S","078",,,0.00000000e+00
2512,1625615,"061409","S","454",,,0.00000000e+00
2513,1625640,"061964","S","0303",,,0.00000000e+00
2514,1625640,"061964","S","0302",,,0.00000000e+00
2515,1625641,"061964","S","0301",,,0.00000000e+00
2516,1625641,"061964","S","149",,,0.00000000e+00
2517,1625642,"100000",,"150",,,0.00000000e+00
2518,1625646,"061964","S","143",,,0.00000000e+00
2519,1625647,"061964","S","146",,,0.00000000e+00
2520,1625648,"061409","S","147",,,0.00000000e+00
2521,1625649,"061410","S","148",,,0.00000000e+00
2522,1625650,"061409","S","145",,,0.00000000e+00
2523,1625654,"061410","S","122",,,0.00000000e+00
2524,1625655,"061410","S","120",,,0.00000000e+00
2525,1625679,"061409","S","082",,,0.00000000e+00
2526,1625680,"061410","S","0307",,,0.00000000e+00
2527,1625682,"061409","S","0304",,,0.00000000e+00
2528,1625692,"061410","S","0305",,,0.00000000e+00
2529,1625693,"061964","S","0306",,,0.00000000e+00
2530,1625697,"061964","S","12756",,,0.00000000e+00
2531,1625698,"061409","S","12755",,,0.00000000e+00
2532,1625701,"061409","S","081",,,0.00000000e+00
2537,1625809,"100000",,"119",,,0.00000000e+00
2538,1625810,"061410","S","118",,,0.00000000e+00
2539,1625812,"061409","S","305",,,0.00000000e+00
2540,1625813,"061410","S","306",,,0.00000000e+00
2541,1625814,"061409","S","302",,,0.00000000e+00
2542,1625827,"061964","S","069",,,0.00000000e+00
2543,1625828,"061410","S","068",,,0.00000000e+00
2544,1625836,"061964","S","12878",,,0.00000000e+00
2545,1625839,"061409","S","304",,,0.00000000e+00
2546,1625840,"061409","S","303",,,0.00000000e+00
2547,1625845,"061964","S","300",,,0.00000000e+00
2548,1625846,"061409","S","299",,,0.00000000e+00
2549,1625847,"061409","S","298",,,0.00000000e+00
2550,1625848,"061410","S","296",,,0.00000000e+00
2551,1625848,"061409","S","301",,,0.00000000e+00
2552,1625849,"061409","S","297",,,0.00000000e+00
2553,1625851,"061964","S","294",,,0.00000000e+00
2554,1625852,"061409","S","293",,,0.00000000e+00
2555,1625852,"061964","S","292",,,0.00000000e+00
2556,1625853,"061409","S","295",,,0.00000000e+00
2557,1625854,"061964","S","117",,,0.00000000e+00
2558,1625855,"061410","S","116",,,0.00000000e+00
2559,1625858,"061410","S","308",,,0.00000000e+00
2560,1625859,"061410","S","307",,,0.00000000e+00
2561,1625861,"061410","S","065",,,0.00000000e+00
2562,1625862,"061964","S","067",,,0.00000000e+00
2563,1625863,"061409","S","066",,,0.00000000e+00
2564,1625892,"061964","S","388",,,0.00000000e+00
2565,1625893,"061964","S","386",,,0.00000000e+00
2566,1625895,"061409","S","387",,,0.00000000e+00
2567,1625901,"061964","S","382",,,0.00000000e+00
2568,1625910,"061964","S","384",,,0.00000000e+00
2569,1625911,"061964","S","385",,,0.00000000e+00
2570,1625917,"061964","S","381",,,0.00000000e+00
2571,1625918,"061409","S","132",,,0.00000000e+00
2572,1625924,"061964","S","123",,,0.00000000e+00
2573,1625978,"061964","S","12937",,,0.00000000e+00
2574,1625991,"061964","S","124",,,0.00000000e+00
2575,1626006,"061409","S","129",,,0.00000000e+00
2576,1626007,"061409","S","128",,,0.00000000e+00
2577,1626018,"100000",,"127",,,0.00000000e+00
2578,1626019,"061409","S","126",,,0.00000000e+00
2579,1626020,"061409","S","131",,,0.00000000e+00
2580,1626021,"061964","S","121",,,0.00000000e+00
2581,1626022,"061410","S","130",,,0.00000000e+00
2582,1626025,"061964","S","502",,,0.00000000e+00
2583,1626035,"061964","S","501",,,0.00000000e+00
2584,1626041,"100000",,,,,0.00000000e+00
2585,1626042,"100000",,,,,0.00000000e+00
2586,1626044,"100000",,,,,0.00000000e+00
2587,1626045,"100000",,,,,0.00000000e+00
2588,1626060,"061410","S","389",,,0.00000000e+00
2589,1626068,"061964","S","400",,,0.00000000e+00
2590,1626072,"100000",,,,,0.00000000e+00
2591,1626078,"061964","S","12762",,,0.00000000e+00
2592,1626079,"100000",,,,,0.00000000e+00
2593,1626080,"100000",,,,,0.00000000e+00
2594,1626100,"100000",,,,,0.00000000e+00
2595,1626101,"100000",,,,,0.00000000e+00
2596,1626104,"061409","S","12765",,,0.00000000e+00
2597,1626140,"061410","S","503",,,0.00000000e+00
2598,1626149,"061964","S","504",,,0.00000000e+00
2599,1626150,"061409","S","505",,,0.00000000e+00
2600,1626152,"061964","S","12880",,,0.00000000e+00
2601,1626153,"061964","S","506",,,0.00000000e+00
2602,1626160,"061964","S","12768",,,0.00000000e+00
2603,1626171,"061964","S","12882",,,0.00000000e+00
2604,1626172,"061408","S","12881",,,0.00000000e+00
2611,1626289,"061410","S","516",,,0.00000000e+00
2612,1626290,"061964","S","515",,,0.00000000e+00
2613,1626292,"061964","S","12795",,,0.00000000e+00
2614,1626328,"061964","S","401",,,0.00000000e+00
2615,1626344,"061409","S","517",,,0.00000000e+00
2616,1626367,"061964","S","518",,,0.00000000e+00
2617,1626373,"061964","S","12770",,,0.00000000e+00
2618,1626374,"061410","S","12769",,,0.00000000e+00
2619,1626383,"061964","S","509",,,0.00000000e+00
2620,1626394,"061410","S","508",,,0.00000000e+00
2621,1626399,"061410","S","12772",,,0.00000000e+00
2622,1626405,"061964","S","507",,,0.00000000e+00
2623,1626413,"061964","S","12774",,,0.00000000e+00
2624,1626414,"061410","S","12773",,,0.00000000e+00
2625,1626431,"061410","S","510",,,0.00000000e+00
2626,1626442,"061964","S","12793",,,0.00000000e+00
2627,1626458,"061964","S","511",,,0.00000000e+00
2628,1626462,"061410","S","513",,,0.00000000e+00
2629,1626463,"061410","S","512",,,0.00000000e+00
2630,1626467,"061408","S","514",,,0.00000000e+00
2633,1626611,"061964","S","12803",,,0.00000000e+00
2634,1626619,"061964","S","12804",,,0.00000000e+00
2635,1624743,"061409","S","12933",,,
2636,1624803,"061964","S","12934",,,
2638,1626892,"061964","S","12814",,,0.00000000e+00
2639,1626962,"100000",,"410",,,0.00000000e+00
2640,1626966,"061410","S","406",,,0.00000000e+00
2641,1626967,"061964","S","405",,,0.00000000e+00
2642,1626969,"100000",,"403",,,0.00000000e+00
2643,1626971,"100000",,"407",,,0.00000000e+00
2644,1626972,"061410","S","404",,,0.00000000e+00
2645,1626973,"061964","S","408",,,0.00000000e+00
2646,1626974,"061410","S","409",,,0.00000000e+00
2647,1626985,"061410","S","402",,,0.00000000e+00
2648,1627005,"061964","S","521",,,0.00000000e+00
2649,1627034,"061964","S","12796",,,0.00000000e+00
2650,1627036,"061964","S","519",,,0.00000000e+00
2651,1627044,"061964","S","520",,,0.00000000e+00
2652,1627059,"061964","S","12798",,,0.00000000e+00
2653,1627077,"061964","S","522",,,0.00000000e+00
2654,1627093,"061964","S","523",,,0.00000000e+00
2655,1627105,"061964","S","526",,,0.00000000e+00
2656,1627105,"061964","S","527",,,0.00000000e+00
2657,1627106,"061964","S","525",,,0.00000000e+00
2658,1627125,"061964","S","524",,,0.00000000e+00
2659,1627134,"061410","S","528",,,0.00000000e+00
2660,1627180,"061964","S","530",,,0.00000000e+00
2661,1627181,"061964","S","529",,,0.00000000e+00
2662,1627200,"061964","S","531",,,0.00000000e+00
2663,1627206,"061964","S","12810",,,0.00000000e+00
2664,1627212,"061410","S","419",,,0.00000000e+00
2665,1627231,"100000",,"421",,,0.00000000e+00
2666,1627232,"061964","S","420",,,0.00000000e+00
2667,1627246,"061964","S","417",,,0.00000000e+00
2668,1627248,"061964","S","415",,,0.00000000e+00
2669,1627249,"061964","S","418",,,0.00000000e+00
2670,1627251,"061964","S","416",,,0.00000000e+00
2671,1627254,"061409","S","414",,,0.00000000e+00
2672,1627255,"061410","S","412",,,0.00000000e+00
2673,1627256,"061409","S","413",,,0.00000000e+00
2674,1627264,"061964","S","411",,,0.00000000e+00
2675,1627429,"061408","S","12826",,,0.00000000e+00
2676,1627700,"061964","S","426",,,0.00000000e+00
2677,1627701,"061964","S","425",,,0.00000000e+00
2678,1627702,"061964","S","422",,,0.00000000e+00
2679,1627703,"061964","S","423",,,0.00000000e+00
2680,1627704,"061964","S","424",,,0.00000000e+00
2681,1628453,"061409","S","245",,,0.00000000e+00
2682,1628454,"061409","S","034",,,0.00000000e+00
2683,1628455,"061964","S","032",,,0.00000000e+00
2684,1628455,"061964","S","033",,,0.00000000e+00
2685,1628459,"061964","S","251",,,0.00000000e+00
2686,1628460,"061409","S","249",,,0.00000000e+00
2687,1628461,"061409","S","250",,,0.00000000e+00
2688,1628473,"061964","S","253",,,0.00000000e+00
2689,1628474,"061410","S","252",,,0.00000000e+00
2690,1628479,"061409","S","254",,,0.00000000e+00
2691,1628488,"061409","S","031",,,0.00000000e+00
2692,1628514,"061964","S","247",,,0.00000000e+00
2693,1628515,"061409","S","248",,,0.00000000e+00
2694,1628516,"061409","S","030",,,0.00000000e+00
2695,1628526,"100000",,"246",,,0.00000000e+00
2696,1628532,"061409","S","262",,,0.00000000e+00
2697,1628536,"061409","S","259",,,0.00000000e+00
2698,1628537,"061409","S","038",,,0.00000000e+00
2699,1628547,"100000",,"260",,,0.00000000e+00
2700,1628548,"061409","S","039",,,0.00000000e+00
2701,1628554,"100000",,"255",,,0.00000000e+00
2702,1628554,"061409","S","257",,,0.00000000e+00
2703,1628555,"061409","S","256",,,0.00000000e+00
2704,1628556,"061409","S","258",,,0.00000000e+00
2705,1628559,"061409","S","261",,,0.00000000e+00
2706,1628560,"061409","S","037",,,0.00000000e+00
2707,1628561,"061964","S","036",,,0.00000000e+00
2708,1628562,"061409","S","035",,,0.00000000e+00
2709,1628590,"061410","S","040",,,0.00000000e+00
2710,1628591,"061409","S","12751",,,0.00000000e+00
2711,1628592,"061410","S","12750",,,0.00000000e+00
2712,1628594,"100000",,"263",,,0.00000000e+00
2713,1628616,"061409","S","265",,,0.00000000e+00
2714,1628617,"061409","S","264",,,0.00000000e+00
2715,1628630,"061409","S","042",,,0.00000000e+00
2716,1628631,"061410","S","041",,,0.00000000e+00
2717,1628632,"061964","S","267",,,0.00000000e+00
2718,1628641,"061409","S","275",,,0.00000000e+00
2719,1628647,"061964","S","270",,,0.00000000e+00
2720,1628648,"100000",,"269",,,0.00000000e+00
2721,1628649,"061964","S","272",,,0.00000000e+00
2722,1628654,"100000",,"274",,,0.00000000e+00
2723,1628657,"061409","S","044",,,0.00000000e+00
2724,1628663,"061410","S","266",,,0.00000000e+00
2725,1628667,"061409","S","268",,,0.00000000e+00
2726,1628668,"061410","S","271",,,0.00000000e+00
2727,1628669,"061410","S","273",,,0.00000000e+00
2728,1628673,"061409","S","12936",,,0.00000000e+00
2729,1628679,"061409","S","043",,,0.00000000e+00
2730,1631192,"061408","S","12905",,,0.00000000e+00
2731,1610257,,,,"F","C190004CVP",1.00000000e+00
2732,1610564,,,,"W","C190005CVP",1.00000000e+00
2733,1610932,,,,"F","C190001SWP",1.00000000e+00
2734,1611595,,,,"F","C190002SWP",9.99000013e-01
2735,1611742,,,,"F","C190083SWP",1.00000000e+00
2736,1612619,,,,"F","C190006CVP",1.00000000e+00
2737,1613071,,,,"W","C190007CVP",9.99000013e-01
2738,1613072,,,,"F","C190008CVP",1.00000000e+00
2739,1613494,,,,"W","C190009CVP",9.95999992e-01
2740,1614077,,,,"F","C190084SWP",1.00000000e+00
2741,1614287,,,,"F","C190003SWP",1.00000000e+00
2742,1614210,,,,"W","C190010CVP",1.00000000e+00
2743,1614288,,,,"W","C190011CVP",1.00000000e+00
2744,1614733,,,,"F","C190012CVP",1.00000000e+00
2745,1614729,,,,"F","C190013CVP",1.00000000e+00
2746,1614728,,,,"F","C190014CVP",1.00000000e+00
2747,1614731,,,,"F","C190017CVP",1.00000000e+00
2748,1614732,,,,"F","C190020CVP",1.00000000e+00
2749,1614730,,,,"F","C190021CVP",1.00000000e+00
2750,1614663,,,,"F","C190028CVP",1.00000000e+00
2751,1614666,,,,"F","C190029CVP",1.00000000e+00
2752,1614664,,,,"F","C190030CVP",1.00000000e+00
2753,1614662,,,,"F","C190031CVP",1.00000000e+00
2754,1614665,,,,"F","C190033CVP",1.00000000e+00
2755,1614787,,,,"F","C190036CVP",1.00000000e+00
2756,1614786,,,,"F","C190037CVP",1.00000000e+00
2757,1614791,,,,"F","C190038CVP",1.00000000e+00
2758,1614789,,,,"F","C190039CVP",1.00000000e+00
2759,1614792,,,,,"C190040CVP",
2760,1614788,,,,"F","C190041CVP",1.00000000e+00
2761,1614790,,,,"F","C190043CVP",1.00000000e+00
2776,1672568,"060554","S","13190",,,0.00000000e+00
2777,1672568,"060554","S","13191",,,0.00000000e+00
2778,1672664,"056263","LF","13192",,,0.00000000e+00
2780,1672962,"060554","S","13193",,,0.00000000e+00
2781,1672966,"056257","LF","13194",,,0.00000000e+00
2786,1673331,"060554","S","13155",,,0.00000000e+00
2787,1673332,"060554","S","13156",,,0.00000000e+00
2788,1673333,"060554","S","13154",,,0.00000000e+00
2789,1673334,"060554","S","13157",,,0.00000000e+00
2790,1673473,"060554","S","13160",,,0.00000000e+00
2791,1673474,"060554","S","13158",,,0.00000000e+00
2792,1673475,"060554","S","13159",,,0.00000000e+00
2793,1673511,"060554","S","13161",,,0.00000000e+00
2794,1673512,"100000",,"13163",,,0.00000000e+00
2795,1673513,"060554","S","13162",,,0.00000000e+00
2796,1673514,"100000",,"13172",,,0.00000000e+00
2797,1673623,"060554","S","13174",,,0.00000000e+00
2798,1673624,"060554","S","13173",,,0.00000000e+00
2799,1673626,"060554","S","13175",,,0.00000000e+00
2804,1673951,"060554","S","13198",,,0.00000000e+00
2805,1673952,"060554","S","13197",,,0.00000000e+00
2806,1673972,"060554","S","13195",,,0.00000000e+00
2807,1673978,"060554","S","13196",,,0.00000000e+00
2808,1674098,"060554","S","13199",,,0.00000000e+00
2809,1674117,"060554","S","13200",,,0.00000000e+00
2810,1674239,"056263","LF","13202",,,0.00000000e+00
2811,1674320,"056251","LF","13204",,,0.00000000e+00
2812,1674472,"060554","S","13206",,,0.00000000e+00
2813,1674495,"056263","LF","13209",,,0.00000000e+00
2814,1674496,"056254","LF","13208",,,0.00000000e+00
2815,1674497,"056254","LF","13207",,,0.00000000e+00
2816,1674498,"056260","LF","13205",,,0.00000000e+00
2817,1674745,"100000",,"13215",,,0.00000000e+00
2818,1674772,"056261","LF","13217",,,0.00000000e+00
2819,1674890,"056260","LF","13216",,,0.00000000e+00
2820,1675328,"056262","LF","13218",,,0.00000000e+00
2821,1675659,"056254","LF","13214",,,0.00000000e+00
2822,1675660,"100000",,"13213",,,0.00000000e+00
2823,1675661,"056254","LF","13212",,,0.00000000e+00
2824,1675721,"056263","LF","13210",,,0.00000000e+00
2825,1675833,"056251","LF","13211",,,0.00000000e+00
2826,1675879,"056254","LF","13220",,,0.00000000e+00
2827,1675880,"056262","LF","13219",,,0.00000000e+00
2828,1675886,"056260","LF","13221",,,0.00000000e+00
2829,1676025,"056253","LF","13223",,,0.00000000e+00
2830,1676029,"056261","LF","13222",,,0.00000000e+00
2831,1676136,"056252","LF","13225",,,0.00000000e+00
2832,1676198,"056261","LF","13224",,,0.00000000e+00
2833,1676274,"056255","LF","13226",,,0.00000000e+00
2834,1676303,"056261","LF","13227",,,0.00000000e+00
2835,1676384,"056254","LF","13238",,,0.00000000e+00
2836,1676426,"056255","LF","13228",,,0.00000000e+00
2837,1676441,"056261","LF","13229",,,0.00000000e+00
2838,1676535,"056255","LF","13230",,,0.00000000e+00
2839,1676685,"056250","LF","13231",,,0.00000000e+00
2840,1676768,"056254","LF","00003",,,
2841,1676453,"056255","LF","2",,,
2842,1677023,"056261","LF","13232",,,0.00000000e+00
2843,1677031,"056263","LF","00054",,,0.00000000e+00
2844,1677086,"100000",,"13177",,,0.00000000e+00
2845,1677087,"060554","S","13178",,,0.00000000e+00
2846,1677126,"060554","S","13179",,,0.00000000e+00
2847,1677249,"060554","S","13183",,,0.00000000e+00
2848,1677250,"060554","S","13180",,,0.00000000e+00
2849,1677251,"060554","S","13181",,,0.00000000e+00
2850,1677252,"060554","S","13182",,,0.00000000e+00
2851,1677280,"060554","S","13185",,,0.00000000e+00
2852,1677281,"060554","S","13187",,,0.00000000e+00
2853,1677282,"060554","S","13186",,,0.00000000e+00
2854,1677354,"060554","S","13188",,,0.00000000e+00
2855,1677658,"056253","LF","13189",,,0.00000000e+00
