FacilityCode,SampleDate,SampleTime,BuildingCode,SPCODE,ForkLength,AdClip,FishCatch,Salvage,SampLoss,Race,LengthFrequency,TagCode,CWT_Race,HeadTagCode
2,"2023-12-12","04:00:00.0000000","F",1,187,"C",1,4,2.882289682240169,"Fall",1,"3CA.0000B0E0CA","S",
2,"2023-12-19","06:00:00.0000000","F",1,185,"C",1,4,2.881967947849819,"Fall",1,"3C8.0000B06F36","S",
2,"2024-01-01","18:00:00.0000000","F",1,147,"C",1,4,2.882280916764325,"Winter",1,"056734","LF","14588"
2,"2024-01-01","06:00:00.0000000","F",1,200,"C",1,4,2.881963117735399,"LateFall",1,"056733","LF","14587"
2,"2024-01-01","02:00:00.0000000","F",1,132,"C",1,4,2.882280916764325,"Winter",1,"056687","LF","14586"
2,"2024-01-01","02:00:00.0000000","F",1,163,"C",1,4,2.882280916764325,"LateFall",1,"056736","LF","14585"
2,"2023-12-30","20:00:00.0000000","F",1,148,"C",1,4,2.881991907230489,"Winter",1,"056733","LF","14581"
2,"2023-12-31","23:59:00.0000000","F",1,135,"C",1,4,2.882058489106472,"Winter",1,"056687","LF","14584"
2,"2023-12-31","06:00:00.0000000","F",1,199,"C",1,4,2.88212927756654,"LateFall",1,"3C8.0000455309","S",
2,"2024-01-02","08:00:00.0000000","F",1,164,"C",1,4,2.882050445055426,"LateFall",1,"056730","LF","14589"
2,"2024-01-02","22:00:00.0000000","F",1,180,"C",1,4,2.88212927756654,"LateFall",1,"056729","LF","14590"
1,"2024-01-03","05:00:00.0000000","NS",1,126,"C",1,4,17.06718517713591,"Winter",1,"056687","LF","06000"
1,"2024-01-03","06:40:00.0000000","NS",1,158,"C",1,1,4.333,"LateFall",2,"050047","LF","06001"
1,"2024-01-03","06:40:00.0000000","NS",1,158,"C",1,1,4.333,"LateFall",2,"056732","LF","06002"
1,"2024-01-03","06:40:00.0000000","NS",1,185,"C",1,1,4.333,"LateFall",1,"056731","LF","06004"
1,"2024-01-03","06:40:00.0000000","NS",1,186,"C",1,1,4.333,"LateFall",1,"056736","LF","06005"
1,"2024-01-03","06:40:00.0000000","NS",1,188,"C",1,1,4.333,"LateFall",1,"056735","LF","06003"
2,"2024-01-03","22:00:00.0000000","F",1,181,"C",1,4,2.881976811923591,"LateFall",1,"056733","LF","14593"
2,"2024-01-03","22:00:00.0000000","F",1,184,"C",1,4,2.881976811923591,"LateFall",1,"3c8.0000aicf32","S",
2,"2024-01-03","22:00:00.0000000","F",1,186,"C",1,4,2.881976811923591,"LateFall",1,"056729","LF","14594"
2,"2024-01-03","06:00:00.0000000","F",1,188,"C",1,4,2.882048140038417,"LateFall",1,"056728","LF","14591"
2,"2024-01-03","12:00:00.0000000","F",1,167,"C",1,4,2.881984752675735,"LateFall",1,"056732","LF","14592"
2,"2024-01-03","23:59:00.0000000","F",1,161,"C",1,4,2.882276883720439,"LateFall",1,"050047","LF","14596"
1,"2024-01-04","17:40:00.0000000","NS",1,158,"C",1,1,4.333,"Winter",1,"056734","LF","06009"
1,"2024-01-04","17:40:00.0000000","NS",1,167,"C",1,1,4.333,"LateFall",1,"056731","LF","06013"
1,"2024-01-04","17:40:00.0000000","NS",1,186,"C",1,1,4.333,"LateFall",1,"056733","LF","06018"
1,"2024-01-04","17:40:00.0000000","NS",1,199,"C",1,1,4.333,"LateFall",1,"056730","LF","06019"
2,"2024-01-04","10:00:00.0000000","F",1,163,"C",1,4,2.882206790623276,"LateFall",1,"056728","LF","14602"
2,"2024-01-04","10:00:00.0000000","F",1,189,"C",1,4,2.882206790623276,"LateFall",1,"056735","LF","14603"
2,"2024-01-04","02:00:00.0000000","F",1,142,"C",1,4,2.88212927756654,"Winter",1,"056735","LF","14597"
2,"2024-01-04","06:00:00.0000000","F",1,208,"C",1,4,2.88212927756654,"Fall",1,"056735","LF","14601"
2,"2024-01-04","18:00:00.0000000","F",1,179,"C",1,4,2.88212927756654,"LateFall",1,"3c8.0000456be0","S",
2,"2024-01-04","18:00:00.0000000","F",1,181,"C",1,4,2.88212927756654,"LateFall",1,"056734","LF","14604"
1,"2024-01-07","16:30:00.0000000","OS",1,157,"C",1,1,4.333,"Winter",1,"056730","LF","06105"
1,"2024-01-07","16:30:00.0000000","OS",1,170,"C",1,1,4.333,"LateFall",1,"056687","LF","06102"
1,"2024-01-07","16:30:00.0000000","OS",1,176,"C",1,1,4.333,"LateFall",1,"056735","LF","06103"
1,"2024-01-07","16:30:00.0000000","OS",1,182,"C",1,1,4.333,"LateFall",1,"050045","LF","06104"
2,"2024-01-05","23:59:00.0000000","F",1,178,"C",1,4,2.882048140038417,"LateFall",1,"056729","LF","14607"
2,"2024-01-05","02:00:00.0000000","F",1,175,"C",1,4,2.881976811923591,"LateFall",1,"056732","LF","14605"
2,"2024-01-05","18:00:00.0000000","F",1,222,"C",1,4,2.882280916764325,"Fall",1,"3c8.0000bofb71","S",
2,"2024-01-05","10:00:00.0000000","F",1,154,"C",1,4,2.882206790623276,"Winter",1,"056732","LF","14606"
2,"2024-01-06","02:00:00.0000000","F",1,153,"C",1,4,2.882050445055426,"Winter",1,"056735","LF","14609"
2,"2024-01-06","02:00:00.0000000","F",1,215,"C",1,4,2.882050445055426,"Fall",1,"056728","LF","14608"
2,"2024-01-06","06:00:00.0000000","F",1,167,"C",1,4,2.882206790623276,"LateFall",1,"056687","LF","14610"
2,"2024-01-07","18:00:00.0000000","F",1,181,"C",1,4,2.882199000287395,"LateFall",1,"050046","LF","14612"
2,"2024-01-07","22:00:00.0000000","F",1,243,"C",1,4,2.88212927756654,"Fall",1,"3c8.0000b0d9ec","S",
2,"2024-01-07","12:00:00.0000000","F",1,240,"C",1,4,2.882202689359595,"Fall",1,"3c8.0000b0f960","S",
2,"2024-01-07","20:00:00.0000000","F",1,170,"C",1,4,2.883015009474696,"LateFall",1,"056733","LF","14613"
2,"2024-01-07","14:00:00.0000000","F",1,168,"C",1,4,2.882199000287395,"LateFall",1,"056728","LF","14611"
1,"2024-01-08","11:00:00.0000000","NS",1,144,"C",1,4,17.24746217962248,"Winter",1,"056734","LF","06006"
1,"2024-01-08","12:30:00.0000000","NS",1,164,"C",1,1,4.333,"Winter",1,"056736","LF","06010"
2,"2024-01-09","20:00:00.0000000","F",1,164,"C",1,4,2.88212927756654,"Winter",1,"056689","LF","146145"
2,"2024-01-10","04:00:00.0000000","F",1,197,"C",1,4,2.882289682240169,"LateFall",1,"056690","LF","14616"
2,"2024-01-10","14:00:00.0000000","F",1,166,"C",1,4,2.882056636024983,"Winter",1,"056733","LF","14615"
1,"2024-01-11","08:15:00.0000000","NS",1,144,"C",1,1,4.333,"Winter",1,"056732","LF","06012"
1,"2024-01-11","08:15:00.0000000","NS",1,189,"C",1,1,4.333,"LateFall",1,"056729","LF","06014"
1,"2024-01-11","08:15:00.0000000","NS",1,192,"C",1,1,4.333,"LateFall",1,"056689","LF","06011"
1,"2024-01-11","09:00:00.0000000","NS",1,203,"C",1,2,8.666601783216779,"LateFall",1,"056735","LF","06015"
1,"2024-01-11","16:20:00.0000000","NS",1,157,"C",1,1,4.333,"Winter",1,"050047","LF","06022"
1,"2024-01-11","16:20:00.0000000","NS",1,159,"C",1,1,4.333,"Winter",1,"056689","LF","06021"
1,"2024-01-11","16:20:00.0000000","NS",1,170,"C",1,1,4.333,"LateFall",1,"056689","LF","06036"
1,"2024-01-11","16:20:00.0000000","NS",1,173,"C",1,1,4.333,"LateFall",1,"056729","LF","06032"
1,"2024-01-11","16:20:00.0000000","NS",1,175,"C",1,1,4.333,"LateFall",2,"056735","LF","06027"
1,"2024-01-11","16:20:00.0000000","NS",1,175,"C",1,1,4.333,"LateFall",2,"056735","LF","06024"
1,"2024-01-11","16:20:00.0000000","NS",1,176,"C",1,1,4.333,"LateFall",1,"056735","LF","06031"
1,"2024-01-11","16:20:00.0000000","NS",1,179,"C",1,1,4.333,"LateFall",1,"056731","LF","06029"
1,"2024-01-11","16:20:00.0000000","NS",1,180,"C",1,1,4.333,"LateFall",1,"056689","LF","06030"
1,"2024-01-11","16:20:00.0000000","NS",1,183,"C",1,1,4.333,"LateFall",2,"056731","LF","06035"
1,"2024-01-11","16:20:00.0000000","NS",1,184,"C",1,1,4.333,"LateFall",1,"056736","LF","06034"
1,"2024-01-11","16:20:00.0000000","NS",1,186,"C",1,1,4.333,"LateFall",1,"056728","LF","06026"
1,"2024-01-11","16:20:00.0000000","NS",1,191,"C",1,1,4.333,"LateFall",1,"056730","LF","06017"
1,"2024-01-11","16:20:00.0000000","NS",1,196,"C",1,1,4.333,"LateFall",2,"062945","S","06023"
1,"2024-01-11","16:20:00.0000000","NS",1,196,"C",1,1,4.333,"LateFall",2,"056687","LF","06025"
1,"2024-01-11","16:20:00.0000000","NS",1,203,"C",1,1,4.333,"LateFall",1,"056730","LF","06020"
1,"2024-01-11","16:20:00.0000000","NS",1,206,"C",1,1,4.333,"LateFall",1,"056730","LF","06033"
1,"2024-01-11","16:20:00.0000000","NS",1,139,"C",1,1,4.333,"Winter",1,"056736","LF","06028"
1,"2024-01-11","16:20:00.0000000","OS",1,145,"C",1,1,4.333,"Winter",1,"056689","LF","06108"
1,"2024-01-11","16:20:00.0000000","OS",1,204,"C",1,1,4.333,"LateFall",1,"056690","LF","06107"
1,"2024-01-11","16:20:00.0000000","OS",1,219,"C",1,1,4.333,"Fall",1,"056733","LF","06106"
2,"2024-01-11","20:00:00.0000000","F",1,179,"C",1,4,2.88212927756654,"LateFall",1,"056687","LF","14618"
2,"2024-01-11","20:00:00.0000000","F",1,196,"C",1,4,2.88212927756654,"LateFall",1,"056733","LF","14617"
2,"2024-01-11","23:59:00.0000000","F",1,151,"C",1,4,2.882204684267133,"Winter",1,"050046","LF","14619"
1,"2024-01-14","16:20:00.0000000","NS",1,165,"C",1,1,4.333,"Winter",1,"056687","LF","06046"
1,"2024-01-14","16:20:00.0000000","NS",1,174,"C",1,1,4.333,"LateFall",1,"056731","LF","06042"
1,"2024-01-14","16:20:00.0000000","NS",1,186,"C",1,1,4.333,"LateFall",1,"056733","LF","06040"
1,"2024-01-14","16:20:00.0000000","NS",1,188,"C",1,1,4.333,"LateFall",1,"056730","LF","06047"
1,"2024-01-14","16:20:00.0000000","NS",1,189,"C",1,1,4.333,"LateFall",1,"056732","LF","06044"
1,"2024-01-14","16:20:00.0000000","NS",1,190,"C",1,1,4.333,"LateFall",1,"056731","LF","06039"
1,"2024-01-14","16:20:00.0000000","NS",1,192,"C",1,1,4.333,"LateFall",1,"050045","LF","06043"
1,"2024-01-14","16:20:00.0000000","NS",1,193,"C",1,1,4.333,"LateFall",1,"056732","LF","06038"
1,"2024-01-14","16:20:00.0000000","NS",1,209,"C",1,1,4.333,"LateFall",1,"056732","LF","06041"
1,"2024-01-14","16:20:00.0000000","NS",1,211,"C",1,1,4.333,"LateFall",1,"062946","S","06045"
2,"2024-01-12","14:00:00.0000000","F",1,160,"C",1,4,2.882050445055426,"Winter",1,"056690","LF","14620"
2,"2024-01-12","18:00:00.0000000","F",1,186,"C",1,4,2.88212927756654,"LateFall",1,"056736","LF","14621"
2,"2024-01-12","18:00:00.0000000","F",1,196,"C",1,4,2.88212927756654,"LateFall",1,"056730","LF","14622"
2,"2024-01-13","06:00:00.0000000","F",1,220,"C",1,4,2.88212927756654,"Fall",1,"056730","LF","14624"
2,"2024-01-13","20:00:00.0000000","F",1,198,"C",1,4,2.881991907230489,"LateFall",1,"056731","LF","14625"
2,"2024-01-13","02:00:00.0000000","F",1,166,"C",1,4,2.882048140038417,"Winter",1,"050047","LF","14623"
2,"2024-01-14","18:00:00.0000000","F",1,165,"C",1,4,2.882276883720439,"Winter",1,"050047","LF","14627"
2,"2024-01-14","06:00:00.0000000","F",1,181,"C",1,4,2.881963117735399,"LateFall",1,"056687","LF","14626"
2,"2024-01-14","22:00:00.0000000","F",1,233,"C",1,4,2.882265976645135,"Fall",1,"3C8.0000B0FFF3","S",
2,"2024-01-15","08:00:00.0000000","F",1,195,"C",1,4,2.881972505082635,"LateFall",1,"056732","LF","14628"
1,"2024-01-16","16:20:00.0000000","NS",1,189,"C",1,1,4.333,"LateFall",1,"050047","LF","06050"
1,"2024-01-16","16:20:00.0000000","NS",1,205,"C",1,1,4.333,"LateFall",1,"062945","S","06048"
1,"2024-01-16","16:20:00.0000000","NS",1,140,"C",1,1,4.333,"Winter",1,"056687","LF","06049"
2,"2024-01-16","04:00:00.0000000","F",1,174,"C",1,4,2.882048140038417,"Winter",1,"056690","LF","14629"
1,"2024-01-17","16:20:00.0000000","OS",1,160,"C",1,1,4.333,"Winter",1,"056735","LF","06109"
2,"2024-01-17","22:00:00.0000000","F",1,165,"C",1,4,2.882285176388843,"Winter",1,"056688","LF","14630"
1,"2024-01-18","16:20:00.0000000","NS",1,150,"C",1,1,4.333,"Winter",1,"056732","LF","06051"
1,"2024-01-18","16:20:00.0000000","NS",1,183,"C",1,1,4.333,"LateFall",1,"050047","LF","06052"
1,"2024-01-18","16:20:00.0000000","NS",1,190,"C",1,1,4.333,"LateFall",1,"056728","LF","06053"
2,"2024-01-18","09:00:00.0000000","F",1,179,"C",1,1,0.569,"LateFall",1,"056729","LF","14631"
2,"2024-01-18","09:00:00.0000000","F",1,201,"C",1,1,0.569,"LateFall",1,"056729","LF","14632"
2,"2024-01-19","23:59:00.0000000","F",1,176,"C",1,4,2.881972505082635,"Winter",1,"050047","LF","14634"
2,"2024-01-19","18:00:00.0000000","F",1,154,"C",1,4,2.882202689359595,"Winter",1,"056736","LF","14633"
1,"2024-01-22","16:45:00.0000000","NS",1,154,"C",1,1,4.333,"Winter",1,"056735","LF","06055"
2,"2024-01-22","16:00:00.0000000","F",1,154,"C",1,4,2.88212927756654,"Winter",1,"056691","LF","14635"
2,"2024-01-22","06:00:00.0000000","F",1,227,"C",1,4,2.88212927756654,"LateFall",1,"3C8.0000B0FA5E","S",
2,"2024-01-22","20:00:00.0000000","F",1,182,"C",1,4,2.881991907230489,"Winter",1,"056691","LF","14636"
2,"2024-01-23","20:00:00.0000000","F",1,182,"C",1,4,2.882197291380289,"Winter",1,"056691","LF","14638"
2,"2024-01-23","14:00:00.0000000","F",1,147,"C",1,4,2.882269428712367,"Winter",1,"056691","LF","14637"
2,"2024-01-24","04:00:00.0000000","F",1,145,"C",1,4,3.186211397478108,"Winter",1,"056691","LF","14639"
2,"2024-01-25","04:00:00.0000000","F",1,175,"C",1,4,3.186464033070828,"Winter",1,"056687","LF","14640"
2,"2024-01-25","14:00:00.0000000","F",1,174,"C",1,4,3.186215890991915,"Winter",1,"056691","LF","14641"
1,"2024-01-28","16:30:00.0000000","NS",1,200,"C",1,1,4.333,"LateFall",1,"056688","LF","06056"
2,"2024-01-26","06:00:00.0000000","F",1,210,"C",1,4,3.18629589121112,"LateFall",1,,,
2,"2024-01-26","20:00:00.0000000","F",1,170,"C",1,4,3.186523333781303,"Winter",1,"056691","LF","14642"
2,"2024-01-27","06:00:00.0000000","F",1,218,"C",1,4,3.18654759811836,"LateFall",1,"3C8.0000B0FACD","S",
2,"2024-01-27","04:00:00.0000000","F",1,156,"C",1,4,3.186201622134148,"Winter",1,"056691","LF","14643"
2,"2024-01-28","22:00:00.0000000","F",1,219,"C",1,4,3.186526882232131,"LateFall",1,"3C8.0000B0FF02","S",
2,"2024-01-28","08:00:00.0000000","F",1,252,"C",1,4,3.186538654102036,"Fall",1,"3C8.0000B0FBE1","S",
1,"2024-01-29","16:30:00.0000000","OS",1,218,"C",1,1,4.333,"LateFall",1,"3C8.0000B0FB66","S","06110"
2,"2024-01-29","04:00:00.0000000","F",1,210,"C",1,4,3.518772966927624,"LateFall",1,"3C8.0000B0DD33","S",
2,"2024-01-29","06:00:00.0000000","F",1,197,"C",1,4,3.518955959424764,"LateFall",1,"3C8.0000B06F90","S",
2,"2024-01-29","02:00:00.0000000","F",1,187,"C",1,4,3.518772966927624,"Winter",1,"056691","LF","14644"
1,"2024-01-30","07:00:00.0000000","OS",1,191,"C",1,4,17.61473318093661,"Winter",1,"3C8.0000B0FA61",,"06111"
2,"2024-01-30","04:00:00.0000000","F",1,245,"C",1,4,3.518772966927624,"Fall",1,"3C8.0000B0FFA8","S",
2,"2024-01-30","06:00:00.0000000","F",1,190,"C",1,4,3.518582622114983,"Winter",1,"056689","LF","14645"
1,"2024-01-31","12:20:00.0000000","NS",1,148,"C",1,1,4.333,"Winter",1,"056729","LF","06061"
1,"2024-01-31","12:20:00.0000000","NS",1,206,"C",1,1,4.333,"LateFall",1,"056690","LF","06064"
1,"2024-01-31","12:20:00.0000000","NS",1,225,"C",1,1,4.333,"LateFall",1,"3C8.0000B0DB93","S","06062"
1,"2024-01-31","12:20:00.0000000","NS",1,240,"C",1,1,4.333,"LateFall",1,"3C8.0000B0FA73","S","06063"
1,"2024-02-01","16:45:00.0000000","NS",1,153,"C",1,1,4.333,"Winter",1,"056691","LF","06066"
1,"2024-02-01","16:45:00.0000000","NS",1,161,"C",1,1,4.333,"Winter",1,"056691","LF","06067"
1,"2024-02-01","16:45:00.0000000","NS",1,195,"C",1,1,4.333,"Winter",1,"3C8.0000A1C1CF","S","06068"
1,"2024-02-01","16:45:00.0000000","NS",1,199,"C",1,1,4.333,"Winter",1,"3C8.0000B0FD1E","S","06065"
1,"2024-02-02","13:00:00.0000000","OS",1,187,"C",1,4,17.5655390209308,"Winter",1,"3C8.0000A1BE35","S","06148"
1,"2024-02-02","13:00:00.0000000","OS",1,188,"C",1,4,17.5655390209308,"Winter",1,"056691","LF","06149"
1,"2024-02-02","13:00:00.0000000","OS",1,200,"C",1,4,17.5655390209308,"Winter",2,"056734","LF","06147"
1,"2024-02-02","13:00:00.0000000","OS",1,200,"C",1,4,17.5655390209308,"Winter",2,"056729","LF","06148"
1,"2024-02-02","15:20:00.0000000","OS",1,189,"C",1,1,4.333,"Winter",1,"056691","LF","06113"
1,"2024-02-02","15:20:00.0000000","OS",1,210,"C",1,1,4.333,"LateFall",1,"3C8.0000B0FBFD","S","06112"
1,"2024-02-03","16:20:00.0000000","OS",1,226,"C",1,1,4.333,"LateFall",1,"3C8.0000B0FF06","S","06114"
1,"2024-02-04","15:00:00.0000000","OS",1,151,"C",1,4,17.515600807702,"Winter",1,"050045","LF","06115"
1,"2024-02-04","15:00:00.0000000","OS",1,162,"C",1,4,17.515600807702,"Winter",1,"056729","LF","06116"
2,"2024-02-03","20:00:00.0000000","F",1,167,"C",1,4,2.881976811923591,"Winter",1,"056691","LF","14646"
2,"2024-02-04","18:00:00.0000000","F",1,160,"C",1,4,2.882276883720439,"Winter",1,"056691","LF","14647"
1,"2024-02-05","13:00:00.0000000","NS",1,210,"C",1,4,17.44583888494403,"LateFall",1,"3C8.0000A1C404","S","06609"
1,"2024-02-05","17:30:00.0000000","NS",1,190,"C",1,1,4.333,"Winter",1,"056731","LF","06073"
1,"2024-02-05","17:30:00.0000000","NS",1,193,"C",1,1,4.333,"Winter",1,"3C8.0000B0FC07","S","06074"
1,"2024-02-05","17:30:00.0000000","NS",1,201,"C",1,1,4.333,"Winter",1,"3C8.0000B0696D","S","06070"
1,"2024-02-05","17:30:00.0000000","NS",1,209,"C",1,1,4.333,"LateFall",1,"3C8.0000B0696D","S","06072"
1,"2024-02-05","17:30:00.0000000","NS",1,238,"C",1,1,4.333,"LateFall",1,"3C8.0000B0FE3E","S","06071"
2,"2024-02-05","23:59:00.0000000","F",1,194,"C",1,4,2.882280916764325,"Winter",1,"056691","LF","14648"
1,"2024-02-06","09:00:00.0000000","NS",1,205,"C",1,6,26.05609152053967,"Winter",1,,,
1,"2024-02-06","09:00:00.0000000","NS",1,208,"C",1,6,26.05609152053967,"LateFall",1,,,
1,"2024-02-06","15:00:00.0000000","NS",1,174,"C",1,4,17.34642707217376,"Winter",1,"056691","LF","06090"
1,"2024-02-06","17:00:00.0000000","NS",1,171,"C",1,2,8.784497561186866,"Winter",1,"056689","LF","06091"
1,"2024-02-06","21:00:00.0000000","NS",1,199,"C",1,2,8.64865046252279,"Winter",1,"056728","LF","06092"
2,"2024-02-06","23:59:00.0000000","F",1,214,"C",1,4,2.882204684267133,"LateFall",1,"056733","LF","14651"
2,"2024-02-06","02:00:00.0000000","F",1,196,"C",1,4,2.882054683316537,"Winter",1,"3CB.0000B0DE98","S",
2,"2024-02-06","20:00:00.0000000","F",1,197,"C",1,4,2.881991907230489,"Winter",1,"056691","LF","14650"
1,"2024-02-07","14:45:00.0000000","NS",1,173,"C",1,1,4.333,"Winter",1,"056736","LF","06093"
1,"2024-02-08","16:30:00.0000000","NS",1,265,"C",1,1,4.333,"Fall",1,"3C8.3C8.0000B0DD64","S","06094"
1,"2024-02-08","16:30:00.0000000","NS",1,202,"C",1,1,4.333,"Winter",1,"3C8.3C8.0000B06DB6","S","06095"
2,"2024-02-08","08:30:00.0000000","F",1,233,"C",1,1,0.569,"LateFall",1,"3C8.0000B0DDB9","S",
2,"2024-02-08","08:30:00.0000000","F",1,253,"C",1,1,0.569,"LateFall",1,"3C8.0000B1001B","S",
1,"2024-02-09","13:00:00.0000000","NS",1,209,"C",1,4,17.29730092504558,"Winter",1,"062945","S","06096"
1,"2024-02-09","14:00:00.0000000","NS",1,171,"C",1,2,8.623731089811239,"Winter",1,"056688","LF","06097"
1,"2024-02-09","16:30:00.0000000","NS",1,207,"C",1,1,4.333,"Winter",1,"062946","S","06098"
1,"2024-02-10","09:00:00.0000000","NS",1,162,"C",1,4,17.32195211477119,"Winter",1,"056731","LF","06099"
1,"2024-02-10","09:00:00.0000000","NS",1,174,"C",1,4,17.32195211477119,"Winter",1,"056690","LF","06100"
1,"2024-02-11","15:00:00.0000000","NS",1,170,"C",1,4,17.34642707217376,"Winter",1,"056728","LF","06077"
2,"2024-02-10","10:00:00.0000000","F",1,209,"C",1,4,2.602595580498071,"Winter",1,"3C8.00009F04A7","S",
2,"2024-02-21","10:00:00.0000000","F",1,81,"C",1,4,2.325520902455209,"Spring",1,"061939","S","14652"
1,"2024-02-23","15:00:00.0000000","NS",1,221,"C",1,4,17.17133364973897,"Winter",1,"368.0000B06DB4","S","06078"
1,"2024-02-23","16:30:00.0000000","NS",1,157,"C",1,1,4.333,"Winter",1,"050045","LF","06079"
1,"2024-02-25","17:30:00.0000000","NS",1,224,"C",1,1,4.333,"Winter",1,"3C8.0000B0FFE0","S","06080"
2,"2024-02-23","14:00:00.0000000","F",1,78,"C",1,4,2.325520902455209,"Spring",1,"061939","S","14654"
2,"2024-02-24","18:00:00.0000000","F",1,171,"C",1,4,2.602595580498071,"Winter",1,"056691","LF","14655"
2,"2024-02-26","20:00:00.0000000","F",1,81,"C",1,4,2.325520902455209,"Spring",1,,,
2,"2024-02-26","22:00:00.0000000","F",1,76,"C",1,4,2.325520902455209,"Spring",1,"061939","S","14657"
2,"2024-02-26","14:00:00.0000000","F",1,81,"C",1,4,2.325520902455209,"Spring",1,"061939","S","14656"
2,"2024-02-27","20:00:00.0000000","F",1,75,"C",1,4,2.325520902455209,"Spring",1,"061939","S","14660"
2,"2024-02-27","12:00:00.0000000","F",1,151,"C",1,4,2.602595580498071,"Winter",1,"056691","LF","14659"
2,"2024-02-27","04:00:00.0000000","F",1,95,"C",1,4,2.325520902455209,"Winter",1,"061939","S","14658"
2,"2024-02-27","23:59:00.0000000","F",1,73,"C",1,4,2.325520902455209,"Spring",1,"061939","S","14661"
2,"2024-02-28","08:00:00.0000000","F",1,84,"C",1,4,2.325520902455209,"Spring",1,"061939","S","14662"
2,"2024-02-28","20:00:00.0000000","F",1,85,"C",1,4,2.325520902455209,"Spring",1,"061939","S","14664"
2,"2024-02-28","10:00:00.0000000","F",1,81,"C",1,4,2.325520902455209,"Spring",1,"063170","S","14663"
1,"2024-02-29","08:30:00.0000000","NS",1,97,"C",1,1,4.333,"Winter",1,"061939","S","06081"
2,"2024-02-29","20:00:00.0000000","F",1,77,"C",1,4,2.325520902455209,"Spring",1,"061939","S","14669"
2,"2024-02-29","20:00:00.0000000","F",1,85,"C",1,4,2.325520902455209,"Spring",1,"061939","S","14668"
2,"2024-02-29","08:00:00.0000000","F",1,91,"C",1,4,2.325520902455209,"Spring",1,"061939","S","14665"
2,"2024-02-29","08:00:00.0000000","F",1,194,"C",1,4,2.602595580498071,"Winter",1,"056729","LF","14666"
2,"2024-02-29","16:00:00.0000000","F",1,87,"C",1,4,2.325520902455209,"Spring",1,"061939","S","14667"
1,"2024-03-02","17:30:00.0000000","NS",1,170,"C",1,1,4.333,"Winter",1,"056728","LF","06087"
1,"2024-03-03","11:00:00.0000000","OS",1,170,"C",1,4,17.63905641826028,"Winter",1,"056688","LF","06120"
1,"2024-03-03","19:30:00.0000000","OS",1,86,"C",1,1,4.333,"Spring",1,"061930","S","06122"
2,"2024-03-01","22:00:00.0000000","F",1,93,"C",1,4,2.325520902455209,"Spring",1,"061939","S","14672"
2,"2024-03-01","20:00:00.0000000","F",1,83,"C",1,4,2.325520902455209,"Spring",1,"061939","S","14670"
2,"2024-03-01","20:00:00.0000000","F",1,86,"C",1,4,2.325520902455209,"Spring",1,"061939","S","14671"
2,"2024-03-02","06:00:00.0000000","F",1,91,"C",1,4,2.325520902455209,"Spring",1,"061939","S","14673"
2,"2024-03-03","14:00:00.0000000","F",1,260,"C",1,4,2.602595580498071,"LateFall",1,"3C8.0000B10002","S",
2,"2024-03-03","04:00:00.0000000","F",1,94,"C",1,4,2.325520902455209,"Spring",1,"061939","S","14674"
2,"2024-03-04","16:00:00.0000000","F",1,93,"C",1,4,2.325520902455209,"Spring",1,"061939","S","14677"
2,"2024-03-04","08:00:00.0000000","F",1,85,"C",1,4,2.325520902455209,"Spring",1,"061939","S","14676"
2,"2024-03-04","08:00:00.0000000","F",1,86,"C",1,4,2.325520902455209,"Spring",1,"061939","S","14675"
2,"2024-03-04","22:00:00.0000000","F",1,85,"C",1,4,2.325520902455209,"Spring",1,"061939","S","14679"
2,"2024-03-04","22:00:00.0000000","F",1,93,"C",1,4,2.325520902455209,"Spring",1,"061939","S","14678"
1,"2024-03-05","16:30:00.0000000","NS",1,158,"C",1,1,4.333,"Winter",1,"050046","LF","06088"
1,"2024-03-05","16:30:00.0000000","NS",1,103,"C",1,1,4.333,"Winter",1,"061939","S","06101"
2,"2024-03-05","22:00:00.0000000","F",1,84,"C",1,4,2.325520902455209,"Spring",1,"061939","S","14685"
2,"2024-03-05","16:00:00.0000000","F",1,81,"C",1,4,2.325520902455209,"Spring",1,"061939","S","14683"
2,"2024-03-05","06:00:00.0000000","F",1,90,"C",1,4,2.325520902455209,"Spring",1,"061939","S","14680"
2,"2024-03-05","10:00:00.0000000","F",1,89,"C",1,4,2.325520902455209,"Spring",1,"061939","S","14682"
2,"2024-03-05","10:00:00.0000000","F",1,95,"C",1,4,2.325520902455209,"Spring",1,"061939","S","14681"
2,"2024-03-05","20:00:00.0000000","F",1,84,"C",1,4,2.325520902455209,"Spring",1,"061939","S","14684"
2,"2024-03-06","22:00:00.0000000","F",1,88,"C",1,4,2.325520902455209,"Spring",1,"063170","S","14692"
2,"2024-03-06","22:00:00.0000000","F",1,95,"C",1,4,2.325520902455209,"Spring",1,"063170","S","14693"
2,"2024-03-06","12:00:00.0000000","F",1,83,"C",1,4,2.325520902455209,"Spring",1,"061939","S","14689"
2,"2024-03-06","12:00:00.0000000","F",1,86,"C",1,4,2.325520902455209,"Spring",1,"061939","S","14690"
2,"2024-03-06","04:00:00.0000000","F",1,90,"C",1,4,2.325520902455209,"Spring",1,"061939","S","14687"
2,"2024-03-06","04:00:00.0000000","F",1,92,"C",1,4,2.325520902455209,"Spring",1,"061939","S","14686"
2,"2024-03-06","23:59:00.0000000","F",1,86,"C",1,4,2.325520902455209,"Spring",1,"061939","S","14694"
2,"2024-03-06","06:00:00.0000000","F",1,94,"C",1,4,2.325520902455209,"Spring",1,"061939","S","14688"
1,"2024-03-07","03:00:00.0000000","NS",1,85,"C",1,2,8.184170309059921,"Spring",1,"061939","S","06300"
1,"2024-03-07","11:00:00.0000000","NS",1,91,"C",1,4,16.38797946803546,"Spring",1,"061939","S","06301"
1,"2024-03-07","13:00:00.0000000","NS",1,86,"C",1,4,16.36834061811984,"Spring",1,"061939","S","06302"
1,"2024-03-07","13:00:00.0000000","NS",1,94,"C",1,4,16.36834061811984,"Spring",1,"061939","S","06303"
1,"2024-03-07","15:00:00.0000000","NS",1,88,"C",1,4,16.36834061811984,"Spring",1,"061939","S","06304"
1,"2024-03-07","17:30:00.0000000","NS",1,88,"C",1,1,4.333,"Spring",2,"061939","S","06305"
1,"2024-03-07","17:30:00.0000000","NS",1,88,"C",1,1,4.333,"Spring",2,"061939","S","06306"
2,"2024-03-07","22:00:00.0000000","F",1,90,"C",1,4,2.325520902455209,"Spring",1,"061939","S","14708"
2,"2024-03-07","22:00:00.0000000","F",1,95,"C",1,4,2.325520902455209,"Spring",1,"063170","S","14709"
2,"2024-03-07","20:00:00.0000000","F",1,91,"C",1,4,2.325520902455209,"Spring",1,"061939","S","14707"
2,"2024-03-07","10:00:00.0000000","F",1,86,"C",1,4,2.325520902455209,"Spring",1,"061939","S","14706"
2,"2024-03-07","16:00:00.0000000","F",1,263,"C",1,4,2.602595580498071,"Winter",1,"3C8.0000B0FE5A","S",
2,"2024-03-07","06:00:00.0000000","F",1,84,"C",1,4,2.325520902455209,"Spring",1,"061939","S","14705"
2,"2024-03-07","06:00:00.0000000","F",1,90,"C",1,4,2.325520902455209,"Spring",1,"061939","S","14704"
2,"2024-03-07","02:00:00.0000000","F",1,81,"C",1,4,2.325520902455209,"Spring",1,"061939","S","14696"
2,"2024-03-07","02:00:00.0000000","F",1,83,"C",1,4,2.325520902455209,"Spring",1,"061939","S","14698"
2,"2024-03-07","02:00:00.0000000","F",1,86,"C",1,4,2.325520902455209,"Spring",1,"061939","S","14695"
2,"2024-03-07","02:00:00.0000000","F",1,87,"C",1,4,2.325520902455209,"Spring",1,"061939","S","14702"
2,"2024-03-07","02:00:00.0000000","F",1,90,"C",1,4,2.325520902455209,"Spring",1,"061939","S","14700"
2,"2024-03-07","02:00:00.0000000","F",1,91,"C",1,4,2.325520902455209,"Spring",2,"061939","S","14701"
2,"2024-03-07","02:00:00.0000000","F",1,91,"C",1,4,2.325520902455209,"Spring",2,"061939","S","14699"
2,"2024-03-07","02:00:00.0000000","F",1,92,"C",1,4,2.325520902455209,"Spring",1,"061939","S","14703"
2,"2024-03-07","02:00:00.0000000","F",1,100,"C",1,4,2.325520902455209,"Winter",1,"061939","S","14697"
1,"2024-03-08","05:00:00.0000000","NS",1,86,"C",1,2,8.13391396363957,"Spring",1,"061939","S","06307"
1,"2024-03-08","13:00:00.0000000","NS",1,94,"C",1,4,16.42680763147771,"Spring",1,"063170","S","06308"
1,"2024-03-08","15:00:00.0000000","NS",1,91,"C",1,4,16.46504775977997,"Spring",1,"061939","S","06309"
1,"2024-03-08","17:30:00.0000000","NS",1,83,"C",1,1,4.333,"Spring",1,"061939","S","06310"
1,"2024-03-08","17:30:00.0000000","NS",1,96,"C",1,1,4.333,"Spring",1,"061939","S","06311"
1,"2024-03-09","07:00:00.0000000","NS",1,85,"C",1,4,16.38797946803546,"Spring",1,"061939","S","06312"
1,"2024-03-09","09:00:00.0000000","NS",1,84,"C",1,4,16.38797946803546,"Spring",1,"061939","S","06313"
1,"2024-03-09","09:00:00.0000000","NS",1,87,"C",1,4,16.38797946803546,"Spring",1,"061939","S","06314"
1,"2024-03-09","11:00:00.0000000","NS",1,95,"C",1,4,16.40746789863442,"Spring",1,"061939","S","06315"
1,"2024-03-09","13:00:00.0000000","NS",1,83,"C",1,4,16.44600036195498,"Spring",1,"061939","S","06316"
1,"2024-03-09","13:00:00.0000000","NS",1,91,"C",1,4,16.44600036195498,"Spring",1,"061939","S","06317"
1,"2024-03-09","16:55:00.0000000","NS",1,92,"C",1,1,4.333,"Spring",1,"061939","S","06318"
1,"2024-03-09","16:55:00.0000000","NS",1,94,"C",1,1,4.333,"Spring",1,,,
1,"2024-03-09","16:55:00.0000000","NS",1,95,"C",1,1,4.333,"Spring",1,"061939","S","06320"
1,"2024-03-09","16:55:00.0000000","NS",1,101,"C",1,1,4.333,"Winter",1,"061939","S","06319"
1,"2024-03-10","10:00:00.0000000","NS",1,85,"C",1,2,8.269908273494034,"Spring",1,"061939","S","06323"
1,"2024-03-10","10:00:00.0000000","NS",1,93,"C",1,2,8.269908273494034,"Spring",1,"061939","S","06322"
1,"2024-03-10","15:00:00.0000000","NS",1,93,"C",1,4,16.44600036195498,"Spring",1,"061939","S","06324"
1,"2024-03-10","17:30:00.0000000","NS",1,91,"C",1,1,4.333,"Spring",1,"061939","S","06330"
1,"2024-03-10","17:30:00.0000000","NS",1,94,"C",1,1,4.333,"Spring",1,"061939","S","06327"
1,"2024-03-10","17:30:00.0000000","NS",1,95,"C",1,1,4.333,"Spring",1,"061939","S","06329"
1,"2024-03-10","17:30:00.0000000","NS",1,101,"C",1,1,4.333,"Winter",1,"061939","S","06325"
1,"2024-03-10","17:30:00.0000000","NS",1,107,"C",1,1,4.333,"Winter",1,"061939","S","06326"
1,"2024-03-10","17:30:00.0000000","NS",1,119,"C",1,1,4.333,"Winter",1,"050031","W","06331"
2,"2024-03-08","12:00:00.0000000","F",1,102,"C",1,4,2.602595580498071,"Winter",1,"061939","S","14710"
2,"2024-03-08","20:00:00.0000000","F",1,83,"C",1,4,2.325520902455209,"Spring",1,"061939","S","14712"
2,"2024-03-08","20:00:00.0000000","F",1,84,"C",1,4,2.325520902455209,"Spring",1,"061939","S","14713"
2,"2024-03-08","20:00:00.0000000","F",1,90,"C",1,4,2.325520902455209,"Spring",1,"061939","S","14711"
2,"2024-03-08","22:00:00.0000000","F",1,92,"C",1,4,2.325520902455209,"Spring",1,"061939","S","14714"
2,"2024-03-09","08:00:00.0000000","F",1,96,"C",1,4,2.325520902455209,"Spring",1,"061939","S","14715"
2,"2024-03-09","23:59:00.0000000","F",1,90,"C",1,4,2.325520902455209,"Spring",1,"063170","S","14720"
2,"2024-03-09","23:59:00.0000000","F",1,100,"C",1,4,2.325520902455209,"Spring",1,"061939","S","14719"
2,"2024-03-09","14:00:00.0000000","F",1,79,"C",1,4,2.325520902455209,"Spring",1,"061939","S","14718"
2,"2024-03-09","14:00:00.0000000","F",1,90,"C",1,4,2.325520902455209,"Spring",1,"061939","S","14717"
2,"2024-03-09","14:00:00.0000000","F",1,99,"C",1,4,2.325520902455209,"Spring",1,"061939","S","14716"
2,"2024-03-10","23:59:00.0000000","F",1,98,"C",1,4,2.325520902455209,"Spring",1,"061939","S","14623"
2,"2024-03-10","06:00:00.0000000","F",1,91,"C",1,4,2.325520902455209,"Spring",1,"061939","S","14721"
2,"2024-03-10","06:00:00.0000000","F",1,97,"C",1,4,2.325520902455209,"Spring",1,"061939","S","14722"
1,"2024-03-11","16:30:00.0000000","OS",1,175,"C",1,1,4.333,"Winter",1,"056729","LF","06123"
2,"2024-03-11","23:59:00.0000000","F",1,90,"C",1,4,2.537138055439841,"Spring",1,"061939","S","14726"
2,"2024-03-11","16:00:00.0000000","F",1,90,"C",1,4,2.537075385843161,"Spring",1,"061939","S","14724"
2,"2024-03-11","22:00:00.0000000","F",1,95,"C",1,4,2.537290105483251,"Spring",1,"061939","S","14725"
1,"2024-03-12","16:30:00.0000000","NS",1,197,"C",1,1,4.333,"Winter",1,"056730","LF","06333"
1,"2024-03-12","16:30:00.0000000","NS",1,97,"C",1,1,4.333,"Spring",1,"061939","S","06334"
1,"2024-03-12","16:30:00.0000000","NS",1,99,"C",1,1,4.333,"Spring",1,"061939","S","06335"
2,"2024-03-12","20:00:00.0000000","F",1,92,"C",1,4,2.763595773129178,"Spring",2,"061939","S","14730"
2,"2024-03-12","20:00:00.0000000","F",1,92,"C",1,4,2.763595773129178,"Spring",2,"063170","S","14728"
2,"2024-03-12","20:00:00.0000000","F",1,94,"C",1,4,2.763595773129178,"Spring",1,"061939","S","14729"
2,"2024-03-12","10:00:00.0000000","F",1,98,"C",1,4,2.763816544672584,"Spring",1,"061939","S","14727"
2,"2024-03-13","22:00:00.0000000","F",1,90,"C",1,4,3.006760593793702,"Spring",1,"061939","S","14733"
2,"2024-03-13","08:00:00.0000000","F",1,88,"C",1,4,3.006760593793702,"Spring",1,"061939","S","14731"
2,"2024-03-13","20:00:00.0000000","F",1,93,"C",1,4,3.006763815331663,"Spring",1,,,
2,"2024-03-13","20:00:00.0000000","F",1,95,"C",1,4,3.006763815331663,"Spring",1,"061939","S","14732"
1,"2024-03-14","16:00:00.0000000","NS",1,95,"C",1,2,8.271165469816539,"Spring",2,"061939","S","06339"
1,"2024-03-14","16:00:00.0000000","NS",1,95,"C",1,2,8.271165469816539,"Spring",2,"061939","S","06338"
1,"2024-03-14","16:30:00.0000000","NS",1,95,"C",1,1,4.333,"Spring",1,"063170","S","06340"
1,"2024-03-16","15:00:00.0000000","NS",1,99,"C",1,4,16.56174320806305,"Spring",1,"061939","S","06346"
1,"2024-03-16","16:30:00.0000000","NS",1,90,"C",1,1,4.333,"Spring",1,"061939","S","06348"
1,"2024-03-16","16:30:00.0000000","NS",1,100,"C",1,1,4.333,"Spring",1,"061939","S","06347"
1,"2024-03-17","18:30:00.0000000","OS",1,91,"C",1,1,4.333,"Spring",1,"061939","S","06221"
1,"2024-03-17","18:30:00.0000000","OS",1,92,"C",1,1,4.333,"Spring",1,"061939","S","06212"
1,"2024-03-17","18:30:00.0000000","OS",1,105,"C",1,1,4.333,"Spring",1,"061939","S","06210"
2,"2024-03-16","08:00:00.0000000","F",1,100,"C",1,4,3.006637573554898,"Spring",2,"161939","S","14735"
2,"2024-03-16","08:00:00.0000000","F",1,100,"C",1,4,3.006637573554898,"Spring",2,"161939","S","14736"
2,"2024-03-16","04:00:00.0000000","F",1,97,"C",1,4,3.006639158715659,"Spring",1,"061939","S","14734"
2,"2024-03-16","23:59:00.0000000","F",1,93,"C",1,4,3.006569688003166,"Spring",1,"061939","S","14737"
2,"2024-03-16","23:59:00.0000000","F",1,95,"C",1,4,3.006569688003166,"Spring",1,"061939","S","14738"
1,"2024-03-15","16:30:00.0000000","NS",1,94,"C",1,1,4.333,"Spring",1,"061939","S","06345"
1,"2024-03-15","16:30:00.0000000","NS",1,95,"C",1,1,4.333,"Spring",1,"061939","S","06343"
1,"2024-03-15","16:30:00.0000000","NS",1,148,"C",1,1,4.333,"Winter",1,"056730","LF","06342"
1,"2024-03-15","16:30:00.0000000","NS",1,205,"C",1,1,4.333,"Winter",1,"056690","LF","06344"
1,"2024-03-15","13:00:00.0000000","NS",1,96,"C",1,4,16.52276472448213,"Spring",1,"061939","S","06341"
2,"2024-03-17","10:00:00.0000000","F",1,93,"C",1,4,3.006760593793702,"Spring",1,"161939","S","14739"
2,"2024-03-18","14:00:00.0000000","F",1,103,"C",1,4,3.518933751122541,"Spring",1,"061939","S","14741"
2,"2024-03-18","10:00:00.0000000","F",1,105,"C",1,4,3.51885877318117,"Spring",1,"061939","S","14740"
2,"2024-03-19","14:00:00.0000000","F",1,76,"C",1,4,3.006640665403788,"Spring",1,,,
2,"2024-03-19","04:00:00.0000000","F",1,95,"C",1,4,3.006700029437739,"Spring",1,"061939","S","14743"
2,"2024-03-19","22:00:00.0000000","F",1,99,"C",1,4,3.006828974178191,"Spring",1,"061939","S","14744"
2,"2024-03-19","02:00:00.0000000","F",1,103,"C",1,4,3.518863462103919,"Spring",1,"061939","S","14742"
1,"2024-03-20","07:00:00.0000000","NS",1,100,"C",1,2,8.318944294574074,"Spring",1,"061939","S","06349"
1,"2024-03-20","15:00:00.0000000","NS",1,95,"C",1,4,16.58100333952861,"Spring",1,"061939","S","06350"
1,"2024-03-20","15:00:00.0000000","NS",1,102,"C",1,4,17.49564883607937,"Spring",1,"061939","S","06351"
1,"2024-03-20","16:00:00.0000000","NS",1,208,"C",1,2,8.735418230105461,"Winter",1,"056733","LF","06353"
1,"2024-03-20","16:00:00.0000000","NS",1,90,"C",1,2,8.280871604031525,"Spring",1,"061939","S","06354"
1,"2024-03-20","16:00:00.0000000","NS",1,92,"C",1,2,8.280871604031525,"Spring",1,"063060","S","06352"
1,"2024-03-20","16:30:00.0000000","NS",1,193,"C",1,1,4.333,"Winter",1,"056731","LF","06364"
1,"2024-03-20","16:30:00.0000000","NS",1,83,"C",1,1,4.333,"Spring",1,"063060","S","06362"
1,"2024-03-20","16:30:00.0000000","NS",1,90,"C",1,1,4.333,"Spring",2,"061939","S","06359"
1,"2024-03-20","16:30:00.0000000","NS",1,90,"C",1,1,4.333,"Spring",2,"061939","S","06358"
1,"2024-03-20","16:30:00.0000000","NS",1,95,"C",1,1,4.333,"Spring",1,"061939","S","06355"
1,"2024-03-20","16:30:00.0000000","NS",1,97,"C",1,1,4.333,"Spring",1,"061939","S","06357"
1,"2024-03-20","16:30:00.0000000","NS",1,102,"C",1,1,4.333,"Spring",1,"061939","S","06361"
1,"2024-03-20","16:30:00.0000000","NS",1,107,"C",1,1,4.333,"Spring",1,"061939","S","06356"
1,"2024-03-20","16:30:00.0000000","NS",1,111,"C",1,1,4.333,"Winter",1,"061939","S","06360"
2,"2024-03-20","14:00:00.0000000","F",1,89,"C",1,4,3.006700029437739,"Spring",1,"061939","S","14746"
2,"2024-03-20","14:00:00.0000000","F",1,97,"C",1,4,3.006700029437739,"Spring",1,"061939","S","14747"
2,"2024-03-20","18:00:00.0000000","F",1,53,"C",1,4,3.006757682021584,"Fall",1,"063060","S","14749"
2,"2024-03-20","20:00:00.0000000","F",1,82,"C",1,4,3.006760593793702,"Spring",1,"063060","S","14750"
2,"2024-03-20","20:00:00.0000000","F",1,84,"C",1,4,3.006760593793702,"Spring",1,"063060","S","14752"
2,"2024-03-20","20:00:00.0000000","F",1,101,"C",1,4,3.518856606332482,"Spring",1,"061939","S","14751"
2,"2024-03-20","04:00:00.0000000","F",1,85,"C",1,4,3.006825598600233,"Spring",1,"161939","S","14745"
2,"2024-03-20","16:00:00.0000000","F",1,86,"C",1,4,3.006700029437739,"Spring",1,"063060","S","14748"
2,"2024-03-20","22:00:00.0000000","F",1,85,"C",1,4,3.006573136126097,"Spring",1,"063060","S","14753"
2,"2024-03-20","22:00:00.0000000","F",1,93,"C",1,4,3.006573136126097,"Spring",1,"061939","S","14754"
1,"2024-03-21","16:30:00.0000000","NS",1,90,"C",1,1,4.333,"Spring",1,"063060","S","06376"
1,"2024-03-21","16:30:00.0000000","NS",1,91,"C",1,1,4.333,"Spring",1,"063060","S","06363"
1,"2024-03-21","16:30:00.0000000","NS",1,95,"C",1,1,4.333,"Spring",3,"061939","S","06375"
1,"2024-03-21","16:30:00.0000000","NS",1,95,"C",1,1,4.333,"Spring",3,"061939","S","06372"
1,"2024-03-21","16:30:00.0000000","NS",1,95,"C",1,1,4.333,"Spring",3,"063060","S","06366"
1,"2024-03-21","16:30:00.0000000","NS",1,96,"C",1,1,4.333,"Spring",1,"061939","S","06367"
1,"2024-03-21","16:30:00.0000000","NS",1,98,"C",1,1,4.333,"Spring",1,"061939","S","06365"
1,"2024-03-21","16:30:00.0000000","NS",1,99,"C",1,1,4.333,"Spring",1,"061939","S","06371"
1,"2024-03-21","16:30:00.0000000","NS",1,100,"C",1,1,4.333,"Spring",2,"061939","S","06374"
1,"2024-03-21","16:30:00.0000000","NS",1,100,"C",1,1,4.333,"Spring",2,"061939","S","06373"
1,"2024-03-21","16:30:00.0000000","NS",1,104,"C",1,1,4.333,"Spring",1,"061939","S","06377"
1,"2024-03-21","16:30:00.0000000","NS",1,105,"C",1,1,4.333,"Spring",2,"063060","S","06369"
1,"2024-03-21","16:30:00.0000000","NS",1,112,"C",1,1,4.333,"Winter",1,"061939","S","06370"
2,"2024-03-21","20:00:00.0000000","F",1,92,"C",1,4,3.006700029437739,"Spring",1,"061939","S","14761"
2,"2024-03-21","23:59:00.0000000","F",1,90,"C",1,4,3.006832536255736,"Spring",1,"061939","S","14766"
2,"2024-03-21","23:59:00.0000000","F",1,94,"C",1,4,3.006832536255736,"Spring",1,"061939","S","14764"
2,"2024-03-21","23:59:00.0000000","F",1,96,"C",1,4,3.006832536255736,"Spring",1,"061939","S","14765"
2,"2024-03-21","23:59:00.0000000","F",1,100,"C",1,4,3.006832536255736,"Spring",1,"063170","S","14763"
2,"2024-03-21","06:00:00.0000000","F",1,90,"C",1,4,3.006822395248682,"Spring",1,"063170","S","14757"
2,"2024-03-21","16:00:00.0000000","F",1,86,"C",1,4,3.006579512563476,"Spring",1,"063090","S","14759"
2,"2024-03-21","16:00:00.0000000","F",1,90,"C",1,4,3.006579512563476,"Spring",1,"063060","S","14760"
2,"2024-03-21","22:00:00.0000000","F",1,97,"C",1,4,3.006825598600233,"Spring",1,"061939","S","14762"
2,"2024-03-21","02:00:00.0000000","F",1,85,"C",1,4,3.006700029437739,"Spring",1,"063060","S","14756"
2,"2024-03-21","02:00:00.0000000","F",1,94,"C",1,4,3.006700029437739,"Spring",1,"061939","S","14755"
2,"2024-03-21","08:00:00.0000000","F",1,89,"C",1,4,3.006700029437739,"Spring",1,"063060","S","14758"
1,"2024-03-22","16:30:00.0000000","NS",1,81,"C",1,1,4.333,"Spring",1,"063060","S","06386"
1,"2024-03-22","16:30:00.0000000","NS",1,84,"C",1,1,4.333,"Spring",1,"063060","S","06378"
1,"2024-03-22","16:30:00.0000000","NS",1,89,"C",1,1,4.333,"Spring",1,"063060","S","06384"
1,"2024-03-22","16:30:00.0000000","NS",1,94,"C",1,1,4.333,"Spring",1,"063060","S","06383"
1,"2024-03-22","16:30:00.0000000","NS",1,95,"C",1,1,4.333,"Spring",2,"061939","S","06387"
1,"2024-03-22","16:30:00.0000000","NS",1,98,"C",1,1,4.333,"Spring",1,"061939","S","06380"
1,"2024-03-22","16:30:00.0000000","NS",1,100,"C",1,1,4.333,"Spring",1,"061939","S","06379"
1,"2024-03-22","16:30:00.0000000","NS",1,102,"C",1,1,4.333,"Spring",1,"061939","S","06385"
1,"2024-03-22","16:30:00.0000000","NS",1,105,"C",1,1,4.333,"Spring",1,,,
1,"2024-03-23","13:00:00.0000000","NS",1,100,"C",1,4,16.60011311553037,"Spring",1,,,
1,"2024-03-23","16:30:00.0000000","NS",1,78,"C",1,1,4.333,"Spring",1,"063060","S","06404"
1,"2024-03-23","16:30:00.0000000","NS",1,79,"C",1,1,4.333,"Spring",1,"063060","S","06403"
1,"2024-03-23","16:30:00.0000000","NS",1,84,"C",1,1,4.333,"Spring",1,"063060","S","06405"
1,"2024-03-23","16:30:00.0000000","NS",1,89,"C",1,1,4.333,"Spring",1,"063060","S","06397"
1,"2024-03-23","16:30:00.0000000","NS",1,90,"C",1,1,4.333,"Spring",1,"063060","S","06396"
1,"2024-03-23","16:30:00.0000000","NS",1,91,"C",1,1,4.333,"Spring",1,"061939","S","06401"
1,"2024-03-23","16:30:00.0000000","NS",1,93,"C",1,1,4.333,"Spring",1,"063060","S","06391"
1,"2024-03-23","16:30:00.0000000","NS",1,94,"C",1,1,4.333,"Spring",2,"061939","S","06400"
1,"2024-03-23","16:30:00.0000000","NS",1,94,"C",1,1,4.333,"Spring",2,"063060","S","06389"
1,"2024-03-23","16:30:00.0000000","NS",1,97,"C",1,1,4.333,"Spring",1,"061939","S","06392"
1,"2024-03-23","16:30:00.0000000","NS",1,98,"C",1,1,4.333,"Spring",1,"061939","S","06402"
1,"2024-03-23","16:30:00.0000000","NS",1,100,"C",1,1,4.333,"Spring",1,"061939","S","06394"
1,"2024-03-23","16:30:00.0000000","NS",1,101,"C",1,1,4.333,"Spring",1,"061939","S","06398"
1,"2024-03-23","16:30:00.0000000","NS",1,104,"C",1,1,4.333,"Spring",1,"061939","S","06390"
1,"2024-03-23","16:30:00.0000000","NS",1,106,"C",1,1,4.333,"Spring",3,"061939","S","06399"
1,"2024-03-23","16:30:00.0000000","NS",1,106,"C",1,1,4.333,"Spring",3,"061939","S","06395"
1,"2024-03-23","16:30:00.0000000","NS",1,106,"C",1,1,4.333,"Spring",3,"063170","S","06393"
1,"2024-03-24","16:30:00.0000000","NS",1,84,"C",1,1,4.333,"Spring",1,"063060","S","06217"
1,"2024-03-24","16:30:00.0000000","NS",1,86,"C",1,1,4.333,"Spring",1,"063060","S","06220"
1,"2024-03-24","16:30:00.0000000","NS",1,89,"C",1,1,4.333,"Spring",1,"063060","S","06218"
1,"2024-03-24","16:30:00.0000000","NS",1,95,"C",1,1,4.333,"Spring",1,"063060","S","06221"
1,"2024-03-24","16:30:00.0000000","NS",1,96,"C",1,1,4.333,"Spring",1,"061939","S","06219"
1,"2024-03-24","16:30:00.0000000","NS",1,100,"C",1,1,4.333,"Spring",1,"061939","S","06215"
1,"2024-03-24","16:30:00.0000000","NS",1,103,"C",1,1,4.333,"Spring",1,"061939","S","06214"
1,"2024-03-24","16:30:00.0000000","NS",1,106,"C",1,1,4.333,"Spring",1,"061939","S","06213"
1,"2024-03-24","16:30:00.0000000","NS",1,107,"C",1,1,4.333,"Spring",1,"061939","S","06216"
2,"2024-03-22","06:00:00.0000000","F",1,90,"C",1,4,3.006700029437739,"Spring",1,"063060","S","14771"
2,"2024-03-22","10:00:00.0000000","F",1,81,"C",1,4,3.006700029437739,"Spring",1,"063060","S","14772"
2,"2024-03-22","02:00:00.0000000","F",1,89,"C",1,4,3.006562197265181,"Spring",1,"063060","S","14767"
2,"2024-03-22","20:00:00.0000000","F",1,83,"C",1,4,3.006582466358299,"Spring",1,"063060","S","14774"
2,"2024-03-22","23:59:00.0000000","F",1,106,"C",1,4,3.518951040155111,"Spring",1,"063060","S","14775"
2,"2024-03-22","23:59:00.0000000","F",1,114,"C",1,4,3.518951040155111,"Winter",1,"061939","S","14776"
2,"2024-03-22","04:00:00.0000000","F",1,85,"C",1,4,3.006569688003166,"Spring",1,"063060","S","14770"
2,"2024-03-22","04:00:00.0000000","F",1,90,"C",1,4,3.006569688003166,"Spring",1,"063060","S","14769"
2,"2024-03-22","04:00:00.0000000","F",1,100,"C",1,4,3.006569688003166,"Spring",1,"061939","S","14768"
2,"2024-03-22","18:00:00.0000000","F",1,92,"C",1,4,3.006759102048074,"Spring",1,"061939","S","14773"
2,"2024-03-23","02:00:00.0000000","F",1,94,"C",1,4,3.006767398843703,"Spring",1,"061939","S","14777"
2,"2024-03-23","04:00:00.0000000","F",1,88,"C",1,4,3.006700029437739,"Spring",1,"063060","S","14780"
2,"2024-03-23","04:00:00.0000000","F",1,90,"C",1,4,3.006700029437739,"Spring",2,"063060","S","14782"
2,"2024-03-23","04:00:00.0000000","F",1,90,"C",1,4,3.006700029437739,"Spring",2,"063060","S","14781"
2,"2024-03-23","16:00:00.0000000","F",1,84,"C",1,4,3.006700029437739,"Spring",1,"063060","S","14783"
2,"2024-03-23","16:00:00.0000000","F",1,96,"C",1,4,3.006700029437739,"Spring",1,"061939","S","14784"
2,"2024-03-23","22:00:00.0000000","F",1,97,"C",1,4,3.006582466358299,"Spring",1,"063060","S","14785"
2,"2024-03-24","04:00:00.0000000","F",1,83,"C",1,4,3.006765558132138,"Spring",1,"063060","S","14787"
2,"2024-03-24","04:00:00.0000000","F",1,100,"C",1,4,3.006765558132138,"Spring",1,"061939","S","14786"
2,"2024-03-24","04:00:00.0000000","F",1,107,"C",1,4,3.518863462103919,"Spring",1,"061939","S","14788"
2,"2024-03-24","14:00:00.0000000","F",1,91,"C",1,4,3.006700029437739,"Spring",1,"063060","S","14800"
2,"2024-03-24","18:00:00.0000000","F",1,78,"C",1,4,3.006639158715659,"Spring",1,"063060","S","14801"
2,"2024-03-24","22:00:00.0000000","F",1,100,"C",1,4,3.006640665403788,"Spring",1,"061939","S","14802"
2,"2024-03-24","12:00:00.0000000","F",1,92,"C",1,4,3.006762162832542,"Spring",1,"063060","S","14799"
2,"2024-03-24","06:00:00.0000000","F",1,80,"C",1,4,3.006700029437739,"Spring",1,"063060","S","14789"
2,"2024-03-24","06:00:00.0000000","F",1,87,"C",1,4,3.006700029437739,"Spring",2,"063060","S","14791"
2,"2024-03-24","06:00:00.0000000","F",1,87,"C",1,4,3.006700029437739,"Spring",2,"063060","S","14797"
2,"2024-03-24","06:00:00.0000000","F",1,90,"C",1,4,3.006700029437739,"Spring",1,"063060","S","14790"
2,"2024-03-24","06:00:00.0000000","F",1,94,"C",1,4,3.006700029437739,"Spring",1,"063060","S","14796"
2,"2024-03-24","06:00:00.0000000","F",1,100,"C",1,4,3.006700029437739,"Spring",1,"061939","S","14798"
1,"2024-03-25","16:30:00.0000000","NS",1,80,"C",1,1,4.333,"Spring",1,"063060","S","06227"
1,"2024-03-25","16:30:00.0000000","NS",1,84,"C",1,1,4.333,"Spring",1,"063060","S","06233"
1,"2024-03-25","16:30:00.0000000","NS",1,88,"C",1,1,4.333,"Spring",2,"063060","S","06226"
1,"2024-03-25","16:30:00.0000000","NS",1,88,"C",1,1,4.333,"Spring",2,"063060","S","06234"
1,"2024-03-25","16:30:00.0000000","NS",1,89,"C",1,1,4.333,"Spring",1,"063060","S","06229"
1,"2024-03-25","16:30:00.0000000","NS",1,91,"C",1,1,4.333,"Spring",1,"061939","S","06230"
1,"2024-03-25","16:30:00.0000000","NS",1,94,"C",1,1,4.333,"Spring",1,"063060","S","06232"
1,"2024-03-25","16:30:00.0000000","NS",1,96,"C",1,1,4.333,"Spring",1,"063060","S","06235"
1,"2024-03-25","16:30:00.0000000","NS",1,97,"C",1,1,4.333,"Spring",1,"061939","S","06223"
1,"2024-03-25","16:30:00.0000000","NS",1,99,"C",1,1,4.333,"Spring",1,"061939","S","06228"
1,"2024-03-25","16:30:00.0000000","NS",1,100,"C",1,1,4.333,"Spring",2,"061939","S","06222"
1,"2024-03-25","16:30:00.0000000","NS",1,100,"C",1,1,4.333,"Spring",2,"061939","S","06224"
1,"2024-03-25","16:30:00.0000000","NS",1,103,"C",1,1,4.333,"Spring",1,"061939","S","06231"
1,"2024-03-25","16:30:00.0000000","NS",1,104,"C",1,1,4.333,"Spring",1,"061939","S","06225"
2,"2024-03-25","02:00:00.0000000","F",1,84,"C",1,4,3.006569688003166,"Spring",1,"063060","S","14803"
2,"2024-03-25","18:00:00.0000000","F",1,91,"C",1,4,3.006763815331663,"Spring",1,"061939","S","14808"
2,"2024-03-25","04:00:00.0000000","F",1,82,"C",1,4,3.006832536255736,"Spring",1,"063060","S","14807"
2,"2024-03-25","04:00:00.0000000","F",1,83,"C",1,4,3.006832536255736,"Spring",1,"063060","S","14806"
2,"2024-03-25","04:00:00.0000000","F",1,100,"C",1,4,3.006832536255736,"Spring",1,"061939","S","14805"
2,"2024-03-25","04:00:00.0000000","F",1,111,"C",1,4,3.518955959424764,"Spring",1,"061939","S","14804"
1,"2024-03-26","07:30:00.0000000","NS",1,71,"C",1,1,4.333,"Spring",1,"063060","S","06254"
1,"2024-03-26","07:30:00.0000000","NS",1,80,"C",1,1,4.333,"Spring",1,"063060","S","06248"
1,"2024-03-26","07:30:00.0000000","NS",1,81,"C",1,1,4.333,"Spring",1,"063060","S","06249"
1,"2024-03-26","07:30:00.0000000","NS",1,82,"C",1,1,4.333,"Spring",1,"063060","S","06252"
1,"2024-03-26","07:30:00.0000000","NS",1,86,"C",1,1,4.333,"Spring",2,"063060","S","06256"
1,"2024-03-26","07:30:00.0000000","NS",1,86,"C",1,1,4.333,"Spring",2,"063060","S","06251"
1,"2024-03-26","07:30:00.0000000","NS",1,87,"C",1,1,4.333,"Spring",2,"063060","S","06253"
1,"2024-03-26","07:30:00.0000000","NS",1,87,"C",1,1,4.333,"Spring",2,"063060","S","06244"
1,"2024-03-26","07:30:00.0000000","NS",1,90,"C",1,1,4.333,"Spring",2,"063060","S","06250"
1,"2024-03-26","07:30:00.0000000","NS",1,90,"C",1,1,4.333,"Spring",2,"063060","S","06255"
1,"2024-03-26","07:30:00.0000000","NS",1,92,"C",1,1,4.333,"Spring",1,"061939","S","06242"
1,"2024-03-26","07:30:00.0000000","NS",1,94,"C",1,1,4.333,"Spring",1,"063060","S","06264"
1,"2024-03-26","07:30:00.0000000","NS",1,95,"C",1,1,4.333,"Spring",1,"063060","S","06239"
1,"2024-03-26","07:30:00.0000000","NS",1,100,"C",1,1,4.333,"Spring",1,"061939","S","06262"
1,"2024-03-26","07:30:00.0000000","NS",1,101,"C",1,1,4.333,"Spring",1,"061939","S","06238"
1,"2024-03-26","07:30:00.0000000","NS",1,102,"C",1,1,4.333,"Spring",1,"061939","S","06263"
1,"2024-03-26","07:30:00.0000000","NS",1,103,"C",1,1,4.333,"Spring",2,"061939","S","06243"
1,"2024-03-26","07:30:00.0000000","NS",1,103,"C",1,1,4.333,"Spring",2,"063170","S","06246"
1,"2024-03-26","07:30:00.0000000","NS",1,104,"C",1,1,4.333,"Spring",1,"061939","S","06245"
1,"2024-03-26","07:30:00.0000000","NS",1,106,"C",1,1,4.333,"Spring",2,"061939","S","06236"
1,"2024-03-26","07:30:00.0000000","NS",1,106,"C",1,1,4.333,"Spring",2,"061939","S","06247"
1,"2024-03-26","21:00:00.0000000","NS",1,100,"C",1,2,8.193989734017732,"Spring",1,"061939","S","06258"
1,"2024-03-26","21:00:00.0000000","NS",1,110,"C",1,2,8.623731089811239,"Spring",1,"061939","S","06257"
1,"2024-03-26","23:00:00.0000000","NS",1,88,"C",1,4,16.40746789863442,"Spring",1,"063060","S","06260"
1,"2024-03-26","23:00:00.0000000","NS",1,97,"C",1,4,16.40746789863442,"Spring",1,"063060","S","06259"
2,"2024-03-26","02:00:00.0000000","F",1,81,"C",1,4,3.006634141945626,"Spring",1,"063060","S","14809"
2,"2024-03-26","02:00:00.0000000","F",1,85,"C",1,4,3.006634141945626,"Spring",1,"063060","S","14810"
2,"2024-03-26","06:00:00.0000000","F",1,80,"C",1,4,3.006635903626967,"Spring",1,"063060","S","14817"
2,"2024-03-26","04:00:00.0000000","F",1,88,"C",1,4,3.006767398843703,"Spring",1,"063060","S","14816"
2,"2024-03-26","04:00:00.0000000","F",1,97,"C",1,4,3.006767398843703,"Spring",1,"061939","S","14815"
2,"2024-03-26","04:00:00.0000000","F",1,102,"C",1,4,3.518866004134707,"Spring",2,"061939","S","14814"
2,"2024-03-26","04:00:00.0000000","F",1,105,"C",1,4,3.518866004134707,"Spring",1,"061939","S","14812"
2,"2024-03-26","18:00:00.0000000","F",1,82,"C",1,4,3.006828974178191,"Spring",1,"063060","S","14820"
2,"2024-03-26","18:00:00.0000000","F",1,89,"C",1,4,3.006828974178191,"Spring",1,"063060","S","14818"
1,"2024-03-27","01:00:00.0000000","NS",1,87,"C",1,4,16.32860464018418,"Spring",1,"063060","S","06261"
1,"2024-03-27","01:00:00.0000000","NS",1,90,"C",1,4,16.32860464018418,"Spring",1,"063060","S","06267"
1,"2024-03-27","01:00:00.0000000","NS",1,99,"C",1,4,16.32860464018418,"Spring",1,"061939","S","06265"
1,"2024-03-27","01:00:00.0000000","NS",1,101,"C",1,4,17.17133364973897,"Spring",1,"061939","S","06266"
1,"2024-03-27","03:00:00.0000000","NS",1,95,"C",1,4,16.28824564934946,"Spring",1,"063060","S","06268"
1,"2024-03-27","05:00:00.0000000","NS",1,82,"C",1,4,16.28824564934946,"Spring",1,"063060","S","06271"
1,"2024-03-27","05:00:00.0000000","NS",1,86,"C",1,4,16.28824564934946,"Spring",1,"063060","S","06273"
1,"2024-03-27","05:00:00.0000000","NS",1,88,"C",1,4,16.28824564934946,"Spring",1,"063060","S","06274"
1,"2024-03-27","05:00:00.0000000","NS",1,94,"C",1,4,16.28824564934946,"Spring",1,"063060","S","06276"
1,"2024-03-27","05:00:00.0000000","NS",1,96,"C",1,4,16.28824564934946,"Spring",1,"061939","S","06272"
1,"2024-03-27","05:00:00.0000000","NS",1,101,"C",1,4,17.11964406882091,"Spring",1,"061939","S","06270"
1,"2024-03-27","05:00:00.0000000","NS",1,112,"C",1,4,17.11964406882091,"Spring",1,"061939","S","06269"
1,"2024-03-27","05:00:00.0000000","NS",1,113,"C",1,4,17.11964406882091,"Spring",1,"061939","S","06275"
1,"2024-03-27","06:00:00.0000000","NS",1,105,"C",1,2,8.559822034410454,"Spring",1,"061939","S","06277"
1,"2024-03-27","11:00:00.0000000","NS",1,109,"C",1,4,17.39527977988131,"Spring",1,"061939","S","06278"
1,"2024-03-27","14:00:00.0000000","NS",1,106,"C",1,2,8.697639889940653,"Spring",1,"061939","S","06279"
1,"2024-03-27","14:30:00.0000000","NS",1,79,"C",1,1,4.333,"Spring",2,"063060","S","06288"
1,"2024-03-27","14:30:00.0000000","NS",1,79,"C",1,1,4.333,"Spring",2,"063060","S","06290"
1,"2024-03-27","14:30:00.0000000","NS",1,87,"C",1,1,4.333,"Spring",1,"063060","S","06291"
1,"2024-03-27","14:30:00.0000000","NS",1,91,"C",1,1,4.333,"Spring",2,"061939","S","06125"
1,"2024-03-27","14:30:00.0000000","NS",1,91,"C",1,1,4.333,"Spring",2,"063060","S","06126"
1,"2024-03-27","14:30:00.0000000","NS",1,93,"C",1,1,4.333,"Spring",2,"063060","S","06287"
1,"2024-03-27","14:30:00.0000000","NS",1,93,"C",1,1,4.333,"Spring",2,"061939","S","06281"
1,"2024-03-27","14:30:00.0000000","NS",1,94,"C",1,1,4.333,"Spring",1,"063060","S","06292"
1,"2024-03-27","14:30:00.0000000","NS",1,96,"C",1,1,4.333,"Spring",2,"061939","S","06286"
1,"2024-03-27","14:30:00.0000000","NS",1,96,"C",1,1,4.333,"Spring",2,"061939","S","06283"
1,"2024-03-27","14:30:00.0000000","NS",1,100,"C",1,1,4.333,"Spring",2,"061939","S","06289"
1,"2024-03-27","14:30:00.0000000","NS",1,100,"C",1,1,4.333,"Spring",2,"061939","S","06296"
1,"2024-03-27","14:30:00.0000000","NS",1,101,"C",1,1,4.333,"Spring",2,"061939","S","06295"
1,"2024-03-27","14:30:00.0000000","NS",1,101,"C",1,1,4.333,"Spring",2,"061939","S","06284"
1,"2024-03-27","14:30:00.0000000","NS",1,102,"C",1,1,4.333,"Spring",1,"061939","S","06294"
1,"2024-03-27","14:30:00.0000000","NS",1,103,"C",1,1,4.333,"Spring",1,"061939","S","06124"
1,"2024-03-27","14:30:00.0000000","NS",1,104,"C",1,1,4.333,"Spring",1,"061939","S","06285"
1,"2024-03-27","14:30:00.0000000","NS",1,105,"C",1,1,4.333,"Spring",1,"061939","S","06282"
1,"2024-03-27","14:30:00.0000000","NS",1,107,"C",1,1,4.333,"Spring",2,"061939","S","06297"
1,"2024-03-27","14:30:00.0000000","NS",1,107,"C",1,1,4.333,"Spring",2,"061939","S","06298"
1,"2024-03-27","14:30:00.0000000","NS",1,109,"C",1,1,4.333,"Spring",1,"061939","S","06293"
2,"2024-03-27","22:00:00.0000000","F",1,99,"C",1,4,3.006762162832542,"Spring",1,"061939","S","14825"
2,"2024-03-27","22:00:00.0000000","F",1,100,"C",1,4,3.006762162832542,"Spring",1,"061939","S","14826"
2,"2024-03-27","22:00:00.0000000","F",1,104,"C",1,4,3.51885877318117,"Spring",1,"061939","S","14824"
2,"2024-03-27","14:00:00.0000000","F",1,85,"C",1,4,3.006569688003166,"Spring",1,"063060","S","14823"
2,"2024-03-27","06:00:00.0000000","F",1,86,"C",1,4,3.006700029437739,"Spring",1,"063060","S","14822"
2,"2024-03-27","02:00:00.0000000","F",1,84,"C",1,4,3.006765558132138,"Spring",1,"063060","S","14821"
1,"2024-03-28","09:00:00.0000000","OS",1,94,"C",1,4,16.8199685869037,"Spring",1,"063060","S","06207"
1,"2024-03-28","09:00:00.0000000","OS",1,97,"C",1,4,16.8199685869037,"Spring",1,"063060","S","06208"
1,"2024-03-28","09:00:00.0000000","OS",1,102,"C",1,4,17.80439224506957,"Spring",1,"061939","S","06154"
1,"2024-03-28","11:00:00.0000000","OS",1,108,"C",1,4,17.7580139964583,"Spring",1,"061939","S","06153"
1,"2024-03-28","15:00:00.0000000","OS",1,90,"C",1,4,16.7293860845839,"Spring",1,"063060","S","06156"
1,"2024-03-28","15:00:00.0000000","OS",1,96,"C",1,4,16.7293860845839,"Spring",1,"061939","S","06155"
2,"2024-03-28","20:00:00.0000000","F",1,83,"C",1,4,3.006700029437739,"Spring",1,"063060","S","14837"
2,"2024-03-28","20:00:00.0000000","F",1,90,"C",1,4,3.006700029437739,"Spring",1,"063060","S","14838"
2,"2024-03-28","08:00:00.0000000","F",1,85,"C",1,4,3.006822395248682,"Spring",1,"063060","S","14833"
2,"2024-03-28","04:00:00.0000000","F",1,81,"C",1,4,3.006700029437739,"Spring",1,"063060","S","14829"
2,"2024-03-28","04:00:00.0000000","F",1,83,"C",1,4,3.006700029437739,"Spring",1,"063060","S","14828"
2,"2024-03-28","04:00:00.0000000","F",1,86,"C",1,4,3.006700029437739,"Spring",1,"063060","S","14827"
2,"2024-03-28","06:00:00.0000000","F",1,80,"C",1,4,3.006828974178191,"Spring",2,"063060","S","14830"
2,"2024-03-28","06:00:00.0000000","F",1,80,"C",1,4,3.006828974178191,"Spring",2,"063060","S","14831"
2,"2024-03-28","06:00:00.0000000","F",1,87,"C",1,4,3.006828974178191,"Spring",1,"063060","S","14832"
2,"2024-03-28","18:00:00.0000000","F",1,84,"C",1,4,3.006562197265181,"Spring",1,"063060","S","14836"
2,"2024-03-28","16:00:00.0000000","F",1,80,"C",1,4,3.006566047251396,"Spring",1,"063060","S","14835"
2,"2024-03-28","16:00:00.0000000","F",1,86,"C",1,4,3.006566047251396,"Spring",1,"063060","S","14834"
1,"2024-03-29","09:00:00.0000000","OS",1,90,"C",1,4,16.63520975974107,"Spring",1,"063060","S","06406"
1,"2024-03-29","09:00:00.0000000","OS",1,91,"C",1,4,16.63520975974107,"Spring",2,"063060","S","06410"
1,"2024-03-29","09:00:00.0000000","OS",1,91,"C",1,4,16.63520975974107,"Spring",2,"063060","S","06411"
1,"2024-03-29","09:00:00.0000000","OS",1,94,"C",1,4,16.63520975974107,"Spring",1,"063060","S","06412"
1,"2024-03-29","09:00:00.0000000","OS",1,99,"C",1,4,16.63520975974107,"Spring",1,"063060","S","06408"
1,"2024-03-29","09:00:00.0000000","OS",1,102,"C",1,4,17.5655390209308,"Spring",2,"061939","S","06416"
1,"2024-03-29","09:00:00.0000000","OS",1,102,"C",1,4,17.5655390209308,"Spring",2,"063060","S","06407"
1,"2024-03-29","09:00:00.0000000","OS",1,108,"C",1,4,17.5655390209308,"Spring",1,"061939","S","06409"
1,"2024-03-29","09:00:00.0000000","OS",1,109,"C",1,4,17.5655390209308,"Spring",1,"061939","S","06414"
1,"2024-03-29","09:00:00.0000000","OS",1,110,"C",1,4,17.5655390209308,"Spring",1,"061939","S","06415"
1,"2024-03-29","11:00:00.0000000","OS",1,92,"C",1,4,16.65434275594663,"Spring",1,,,
1,"2024-03-29","13:00:00.0000000","OS",1,89,"C",1,4,16.65434275594663,"Spring",1,"063060","S","06418"
1,"2024-03-29","13:00:00.0000000","OS",1,95,"C",1,4,16.65434275594663,"Spring",1,"061939","S","06419"
1,"2024-03-29","14:00:00.0000000","OS",1,94,"C",1,2,8.327171377973317,"Spring",1,"063060","S","06422"
1,"2024-03-29","14:00:00.0000000","OS",1,105,"C",1,2,8.795114032193993,"Spring",1,"061939","S","06423"
1,"2024-03-29","14:50:00.0000000","OS",1,79,"C",1,1,4.333,"Spring",1,"063060","S","06438"
1,"2024-03-29","14:50:00.0000000","OS",1,80,"C",1,1,4.333,"Spring",1,"063060","S","06431"
1,"2024-03-29","14:50:00.0000000","OS",1,84,"C",1,1,4.333,"Spring",1,"063060","S","06432"
1,"2024-03-29","14:50:00.0000000","OS",1,85,"C",1,1,4.333,"Spring",1,"063060","S","06437"
1,"2024-03-29","14:50:00.0000000","OS",1,86,"C",1,1,4.333,"Spring",2,"063060","S","06426"
1,"2024-03-29","14:50:00.0000000","OS",1,86,"C",1,1,4.333,"Spring",2,"063060","S","06435"
1,"2024-03-29","14:50:00.0000000","OS",1,87,"C",1,1,4.333,"Spring",1,"063060","S","06424"
1,"2024-03-29","14:50:00.0000000","OS",1,88,"C",1,1,4.333,"Spring",2,"063060","S","06429"
1,"2024-03-29","14:50:00.0000000","OS",1,88,"C",1,1,4.333,"Spring",2,"063060","S","06430"
1,"2024-03-29","14:50:00.0000000","OS",1,89,"C",1,1,4.333,"Spring",1,"063060","S","06425"
1,"2024-03-29","14:50:00.0000000","OS",1,90,"C",1,1,4.333,"Spring",1,"063060","S","06428"
1,"2024-03-29","14:50:00.0000000","OS",1,96,"C",1,1,4.333,"Spring",1,"063060","S","06427"
1,"2024-03-29","14:50:00.0000000","OS",1,99,"C",1,1,4.333,"Spring",1,"063060","S","06436"
1,"2024-03-29","14:50:00.0000000","OS",1,100,"C",1,1,4.333,"Spring",1,"063060","S","06433"
1,"2024-03-29","14:50:00.0000000","OS",1,102,"C",1,1,4.333,"Spring",1,"061939","S","06434"
1,"2024-03-29","14:50:00.0000000","OS",1,106,"C",1,1,4.333,"Spring",1,"061939","S","06420"
1,"2024-03-30","11:00:00.0000000","OS",1,88,"C",1,2,8.146257378984652,"Spring",1,"063060","S","06205"
1,"2024-03-30","11:00:00.0000000","OS",1,91,"C",1,2,8.146257378984652,"Spring",1,"063060","S","06206"
1,"2024-03-30","13:00:00.0000000","OS",1,98,"C",1,4,16.25366480314024,"Spring",1,"063060","S","06158"
1,"2024-03-30","13:00:00.0000000","OS",1,100,"C",1,4,16.25366480314024,"Spring",2,"063060","S","06160"
1,"2024-03-30","13:00:00.0000000","OS",1,100,"C",1,4,16.25366480314024,"Spring",2,"061939","S","06157"
1,"2024-03-30","13:00:00.0000000","OS",1,108,"C",1,4,17.0753917463,"Spring",1,"061939","S","06161"
1,"2024-03-30","13:00:00.0000000","OS",1,110,"C",1,4,17.0753917463,"Spring",1,"063170","S","06159"
1,"2024-03-30","13:00:00.0000000","OS",1,111,"C",1,4,17.0753917463,"Spring",1,"061939","S","06162"
1,"2024-03-30","15:00:00.0000000","OS",1,89,"C",1,4,16.19428571428572,"Spring",1,"063060","S","06439"
1,"2024-03-30","15:00:00.0000000","OS",1,90,"C",1,4,16.19428571428572,"Spring",1,,,
1,"2024-03-30","15:00:00.0000000","OS",1,96,"C",1,4,16.19428571428572,"Spring",1,"061939","S","06441"
1,"2024-03-30","16:00:00.0000000","OS",1,109,"C",1,2,8.831599896879391,"Spring",2,"061939","S","06444"
1,"2024-03-30","16:00:00.0000000","OS",1,109,"C",1,2,8.831599896879391,"Spring",2,"061939","S","06442"
1,"2024-03-30","16:00:00.0000000","OS",1,114,"C",1,2,8.831599896879391,"Spring",1,"063170","S","06443"
1,"2024-03-30","17:00:00.0000000","OS",1,91,"C",1,2,8.346079324738179,"Spring",1,"063060","S","06446"
1,"2024-03-30","17:00:00.0000000","OS",1,113,"C",1,2,8.819528209130139,"Spring",1,"061939","S","06445"
1,"2024-03-30","17:50:00.0000000","OS",1,85,"C",1,1,4.333,"Spring",1,"063060","S","06457"
1,"2024-03-30","17:50:00.0000000","OS",1,86,"C",1,1,4.333,"Spring",1,"063060","S","06460"
1,"2024-03-30","17:50:00.0000000","OS",1,90,"C",1,1,4.333,"Spring",1,"063060","S","06456"
1,"2024-03-30","17:50:00.0000000","OS",1,95,"C",1,1,4.333,"Spring",2,"063060","S","06455"
1,"2024-03-30","17:50:00.0000000","OS",1,95,"C",1,1,4.333,"Spring",2,"063060","S","06447"
1,"2024-03-30","17:50:00.0000000","OS",1,99,"C",1,1,4.333,"Spring",1,"063060","S","06448"
1,"2024-03-30","17:50:00.0000000","OS",1,100,"C",1,1,4.333,"Spring",1,"061939","S","06452"
1,"2024-03-30","17:50:00.0000000","OS",1,105,"C",1,1,4.333,"Spring",2,"061939","S","06453"
1,"2024-03-30","17:50:00.0000000","OS",1,105,"C",1,1,4.333,"Spring",2,"061939","S","06449"
1,"2024-03-30","17:50:00.0000000","OS",1,110,"C",1,1,4.333,"Spring",2,"061939","S","06450"
1,"2024-03-30","17:50:00.0000000","OS",1,110,"C",1,1,4.333,"Spring",2,"061939","S","06451"
1,"2024-03-30","17:50:00.0000000","OS",1,113,"C",1,1,4.333,"Spring",1,"061939","S","06454"
1,"2024-03-31","09:00:00.0000000","NS",1,92,"C",1,4,16.65655771336587,"Spring",1,"063060","S","06128"
1,"2024-03-31","15:00:00.0000000","NS",1,93,"C",1,4,16.54233093963308,"Spring",1,"063060","S","06129"
1,"2024-03-31","15:00:00.0000000","NS",1,99,"C",1,4,16.54233093963308,"Spring",1,"061939","S","06130"
1,"2024-03-31","16:20:00.0000000","NS",1,85,"C",1,1,4.333,"Spring",1,"063060","S","06132"
1,"2024-03-31","16:20:00.0000000","NS",1,99,"C",1,1,4.333,"Spring",1,"063060","S","06133"
1,"2024-03-31","16:20:00.0000000","NS",1,100,"C",1,1,4.333,"Spring",1,"063060","S","06131"
1,"2024-04-01","09:00:00.0000000","NS",1,115,"C",1,4,17.61700344900607,"Spring",1,"063170","S","06135"
1,"2024-04-01","12:00:00.0000000","NS",1,93,"C",1,2,8.193989734017732,"Spring",1,"063060","S","06134"
1,"2024-04-01","12:00:00.0000000","NS",1,102,"C",1,2,8.623731089811239,"Spring",1,"063060","S","06136"
1,"2024-04-01","13:00:00.0000000","NS",1,93,"C",1,2,8.184170309059921,"Spring",1,"063060","S","06134"
1,"2024-04-01","15:00:00.0000000","NS",1,105,"C",1,4,17.24746217962248,"Spring",1,"061939","S","06138"
1,"2024-04-01","15:00:00.0000000","NS",1,115,"C",1,4,17.24746217962248,"Spring",1,"061939","S","06139"
1,"2024-04-01","19:00:00.0000000","NS",1,85,"C",1,4,16.40746789863442,"Spring",1,"063060","S","06575"
1,"2024-04-01","19:00:00.0000000","NS",1,89,"C",1,4,16.40746789863442,"Spring",1,"063060","S","06574"
1,"2024-04-01","19:00:00.0000000","NS",1,90,"C",1,4,16.40746789863442,"Spring",1,"063060","S","06577"
1,"2024-04-01","19:00:00.0000000","NS",1,92,"C",1,4,16.40746789863442,"Spring",1,"061939","S","06576"
2,"2024-03-29","23:59:00.0000000","F",1,85,"C",1,4,3.006760593793702,"Spring",1,"063060","S","14854"
2,"2024-03-29","02:00:00.0000000","F",1,80,"C",1,4,3.006635903626967,"Spring",1,"063060","S","14839"
2,"2024-03-29","20:00:00.0000000","F",1,90,"C",1,4,3.006634141945626,"Spring",1,"063060","S","14849"
2,"2024-03-29","20:00:00.0000000","F",1,98,"C",1,4,3.006634141945626,"Spring",1,"063060","S","14850"
2,"2024-03-29","22:00:00.0000000","F",1,80,"C",1,4,3.006573136126097,"Spring",1,"063060","S","14852"
2,"2024-03-29","22:00:00.0000000","F",1,93,"C",1,4,3.006573136126097,"Spring",1,"063060","S","14851"
2,"2024-03-29","22:00:00.0000000","F",1,101,"C",1,4,3.518597728494055,"Spring",1,"063060","S","14853"
2,"2024-03-29","04:00:00.0000000","F",1,80,"C",1,4,3.006700029437739,"Spring",1,"063060","S","14840"
2,"2024-03-29","04:00:00.0000000","F",1,83,"C",1,4,3.006700029437739,"Spring",1,"063060","S","14842"
2,"2024-03-29","04:00:00.0000000","F",1,111,"C",1,4,3.518772966927624,"Spring",1,"061939","S","14841"
2,"2024-03-29","06:00:00.0000000","F",1,83,"C",1,4,3.006635903626967,"Spring",1,"063060","S","14848"
2,"2024-03-29","06:00:00.0000000","F",1,85,"C",1,4,3.006635903626967,"Spring",1,"063060","S","14847"
2,"2024-03-29","06:00:00.0000000","F",1,99,"C",1,4,3.006635903626967,"Spring",1,"063060","S","14846"
2,"2024-03-29","06:00:00.0000000","F",1,106,"C",1,4,3.518684409585961,"Spring",1,"061939","S","14845"
2,"2024-03-29","06:00:00.0000000","F",1,116,"C",1,4,3.518684409585961,"Spring",1,"061939","S","14843"
2,"2024-03-30","14:00:00.0000000","F",1,90,"C",1,4,3.006819351270601,"Spring",1,"063060","S","14855"
2,"2024-03-30","23:59:00.0000000","F",1,79,"C",1,4,3.006822395248682,"Spring",1,"063060","S","14858"
2,"2024-03-30","23:59:00.0000000","F",1,89,"C",1,4,3.006822395248682,"Spring",1,"063060","S","14859"
2,"2024-03-30","22:00:00.0000000","F",1,99,"C",1,4,3.006763815331663,"Spring",1,"061939","S","14857"
2,"2024-03-30","20:00:00.0000000","F",1,77,"C",1,4,3.00663228073524,"Spring",1,"063060","S","14856"
2,"2024-03-31","23:59:00.0000000","F",1,80,"C",1,4,3.006700029437739,"Spring",1,"063060","S","14865"
2,"2024-03-31","04:00:00.0000000","F",1,73,"C",1,4,3.006637573554898,"Spring",1,"063060","S","14862"
2,"2024-03-31","10:00:00.0000000","F",1,83,"C",1,4,3.006585278825569,"Spring",1,"063060","S","14863"
2,"2024-03-31","14:00:00.0000000","F",1,104,"C",1,4,3.518937750817036,"Spring",1,"063060","S","14864"
2,"2024-03-31","02:00:00.0000000","F",1,86,"C",1,4,3.006822395248682,"Spring",1,"063060","S","14861"
1,"2024-04-02","03:00:00.0000000","NS",1,95,"C",1,4,16.67508333635935,"Spring",1,"063060","S","06140"
1,"2024-04-02","07:30:00.0000000","NS",1,79,"C",1,1,4.333,"Spring",1,"063060","S","06583"
1,"2024-04-02","07:30:00.0000000","NS",1,85,"C",1,1,4.333,"Spring",2,"063060","S","06603"
1,"2024-04-02","07:30:00.0000000","NS",1,86,"C",1,1,4.333,"Spring",1,"063060","S","06597"
1,"2024-04-02","07:30:00.0000000","NS",1,87,"C",1,1,4.333,"Spring",2,"060078","S","06143"
1,"2024-04-02","07:30:00.0000000","NS",1,87,"C",1,1,4.333,"Spring",2,"063060","S","06146"
1,"2024-04-02","07:30:00.0000000","NS",1,88,"C",1,1,4.333,"Spring",1,"063060","S","06594"
1,"2024-04-02","07:30:00.0000000","NS",1,89,"C",1,1,4.333,"Spring",1,"063060","S","06590"
1,"2024-04-02","07:30:00.0000000","NS",1,90,"C",1,1,4.333,"Spring",2,"063060","S","06592"
1,"2024-04-02","07:30:00.0000000","NS",1,90,"C",1,1,4.333,"Spring",2,"063060","S","06580"
1,"2024-04-02","07:30:00.0000000","NS",1,91,"C",1,1,4.333,"Spring",1,"063060","S","06151"
1,"2024-04-02","07:30:00.0000000","NS",1,92,"C",1,1,4.333,"Spring",5,"063060","S","06581"
1,"2024-04-02","07:30:00.0000000","NS",1,92,"C",1,1,4.333,"Spring",5,"063060","S","06593"
1,"2024-04-02","07:30:00.0000000","NS",1,93,"C",1,1,4.333,"Spring",2,"063060","S","06145"
1,"2024-04-02","07:30:00.0000000","NS",1,93,"C",1,1,4.333,"Spring",2,"063060","S","06144"
1,"2024-04-02","07:30:00.0000000","NS",1,94,"C",1,1,4.333,"Spring",1,"063060","S","06586"
1,"2024-04-02","07:30:00.0000000","NS",1,95,"C",1,1,4.333,"Spring",1,"063060","S","06142"
1,"2024-04-02","07:30:00.0000000","NS",1,98,"C",1,1,4.333,"Spring",2,"063060","S","06596"
1,"2024-04-02","07:30:00.0000000","NS",1,98,"C",1,1,4.333,"Spring",2,"061939","S","06141"
1,"2024-04-02","07:30:00.0000000","NS",1,102,"C",1,1,4.333,"Spring",1,"063060","S","06585"
1,"2024-04-02","07:30:00.0000000","NS",1,103,"C",1,1,4.333,"Spring",1,"061939","S","06582"
1,"2024-04-02","07:30:00.0000000","NS",1,106,"C",1,1,4.333,"Spring",1,,,
1,"2024-04-02","07:30:00.0000000","NS",1,110,"C",1,1,4.333,"Spring",2,"061939","S","06598"
1,"2024-04-02","07:30:00.0000000","NS",1,110,"C",1,1,4.333,"Spring",2,"061939","S","06591"
1,"2024-04-02","07:30:00.0000000","NS",1,111,"C",1,1,4.333,"Spring",1,"061939","S","06588"
1,"2024-04-02","07:30:00.0000000","NS",1,112,"C",1,1,4.333,"Spring",1,"061939","S","06587"
1,"2024-04-02","07:30:00.0000000","NS",1,115,"C",1,1,4.333,"Spring",1,"061939","S","06604"
1,"2024-04-02","07:30:00.0000000","NS",1,121,"C",1,1,4.333,"Spring",1,"061939","S","06602"
1,"2024-04-02","07:30:00.0000000","NS",1,122,"C",1,1,4.333,"Winter",1,"061939","S","06595"
1,"2024-04-02","09:00:00.0000000","NS",1,99,"C",1,4,16.67508333635935,"Spring",1,,,
1,"2024-04-02","09:00:00.0000000","NS",1,112,"C",1,4,17.61700344900607,"Spring",1,,,
1,"2024-04-02","11:00:00.0000000","NS",1,96,"C",1,2,8.232523879889987,"Spring",1,,,
1,"2024-04-02","11:00:00.0000000","NS",1,108,"C",1,2,8.673213536086879,"Spring",1,,,
1,"2024-04-03","07:00:00.0000000","NS",1,80,"C",1,2,8.26066713971624,"Spring",1,,,
1,"2024-04-03","07:00:00.0000000","NS",1,93,"C",1,2,8.26066713971624,"Spring",1,,,
1,"2024-04-03","07:00:00.0000000","NS",1,96,"C",1,2,8.26066713971624,"Spring",1,,,
1,"2024-04-03","07:00:00.0000000","NS",1,112,"C",1,2,8.709406624156232,"Spring",1,,,
1,"2024-04-03","07:00:00.0000000","NS",1,120,"C",1,2,8.709406624156232,"Spring",1,,,
2,"2024-04-03","16:00:00.0000000","F",1,91,"C",1,4,3.268025049641057,"Spring",1,"063060","S","14867"
2,"2024-04-03","04:00:00.0000000","F",1,79,"C",1,4,3.2680944778801,"Spring",1,"063060","S","14866"
1,"2024-04-04","00:30:00.0000000","NS",1,87,"C",1,1,4.333,"Spring",1,,,
1,"2024-04-04","00:30:00.0000000","NS",1,89,"C",1,1,4.333,"Spring",1,,,
1,"2024-04-04","00:30:00.0000000","NS",1,92,"C",1,1,4.333,"Spring",1,,,
1,"2024-04-04","00:30:00.0000000","NS",1,95,"C",1,1,4.333,"Spring",1,,,
1,"2024-04-04","00:30:00.0000000","NS",1,97,"C",1,1,4.333,"Spring",2,,,
1,"2024-04-04","00:30:00.0000000","NS",1,103,"C",1,1,4.333,"Spring",1,,,
1,"2024-04-04","00:30:00.0000000","NS",1,111,"C",1,1,4.333,"Spring",1,,,
1,"2024-04-04","13:00:00.0000000","NS",1,104,"C",1,4,17.64074665315335,"Spring",1,,,
1,"2024-04-04","15:00:00.0000000","NS",1,88,"C",1,4,16.65655771336587,"Spring",1,,,
1,"2024-04-04","18:30:00.0000000","NS",1,81,"C",1,1,4.333,"Spring",1,"063060","S","06651"
1,"2024-04-04","18:30:00.0000000","NS",1,84,"C",1,1,4.333,"Spring",1,"063060","S","06633"
1,"2024-04-04","18:30:00.0000000","NS",1,85,"C",1,1,4.333,"Spring",2,"063060","S","06650"
1,"2024-04-04","18:30:00.0000000","NS",1,85,"C",1,1,4.333,"Spring",2,"063060","S","06646"
1,"2024-04-04","18:30:00.0000000","NS",1,87,"C",1,1,4.333,"Spring",2,"063060","S","06626"
1,"2024-04-04","18:30:00.0000000","NS",1,87,"C",1,1,4.333,"Spring",2,"063060","S","06636"
1,"2024-04-04","18:30:00.0000000","NS",1,90,"C",1,1,4.333,"Spring",2,"063060","S","06644"
1,"2024-04-04","18:30:00.0000000","NS",1,90,"C",1,1,4.333,"Spring",2,"063060","S","06645"
1,"2024-04-04","18:30:00.0000000","NS",1,91,"C",1,1,4.333,"Spring",1,"063060","S","06641"
1,"2024-04-04","18:30:00.0000000","NS",1,94,"C",1,1,4.333,"Spring",1,"063060","S","06634"
1,"2024-04-04","18:30:00.0000000","NS",1,96,"C",1,1,4.333,"Spring",3,"063060","S","06642"
1,"2024-04-04","18:30:00.0000000","NS",1,96,"C",1,1,4.333,"Spring",3,"063060","S","06640"
1,"2024-04-04","18:30:00.0000000","NS",1,96,"C",1,1,4.333,"Spring",3,"063060","S","06631"
1,"2024-04-04","18:30:00.0000000","NS",1,219,"C",1,1,4.333,"Winter",1,"056735","LF","06638"
1,"2024-04-04","18:30:00.0000000","NS",1,97,"C",1,1,4.333,"Spring",1,"063060","S","06630"
1,"2024-04-04","18:30:00.0000000","NS",1,100,"C",1,1,4.333,"Spring",1,"063060","S","06643"
1,"2024-04-04","18:30:00.0000000","NS",1,102,"C",1,1,4.333,"Spring",3,"061939","S","06635"
1,"2024-04-04","18:30:00.0000000","NS",1,102,"C",1,1,4.333,"Spring",3,"063060","S","06629"
1,"2024-04-04","18:30:00.0000000","NS",1,102,"C",1,1,4.333,"Spring",3,"061939","S","06649"
1,"2024-04-04","18:30:00.0000000","NS",1,105,"C",1,1,4.333,"Spring",1,"063060","S","06639"
1,"2024-04-04","18:30:00.0000000","NS",1,106,"C",1,1,4.333,"Spring",1,"061939","S","06627"
1,"2024-04-04","18:30:00.0000000","NS",1,107,"C",1,1,4.333,"Spring",1,"063060","S","06632"
1,"2024-04-04","18:30:00.0000000","NS",1,109,"C",1,1,4.333,"Spring",1,"061939","S","06652"
1,"2024-04-04","18:30:00.0000000","NS",1,234,"C",1,1,4.333,"Winter",1,,,
1,"2024-04-04","18:30:00.0000000","NS",1,115,"C",1,1,4.333,"Spring",1,"061939","S","06628"
2,"2024-04-04","20:00:00.0000000","F",1,87,"C",1,4,3.267958485681534,"Spring",1,"063060","S","14871"
2,"2024-04-04","02:00:00.0000000","F",1,90,"C",1,4,3.26795486811036,"Spring",1,"063060","S","14868"
2,"2024-04-04","04:00:00.0000000","F",1,88,"C",1,4,3.267956724746963,"Spring",1,"063060","S","14869"
2,"2024-04-04","04:00:00.0000000","F",1,91,"C",1,4,3.267956724746963,"Spring",1,"063060","S","14870"
1,"2024-04-05","19:00:00.0000000","NS",1,82,"C",1,2,8.174274800324111,"Spring",1,"063060","S","06653"
1,"2024-04-05","23:00:00.0000000","NS",1,89,"C",1,4,16.34854960064822,"Spring",1,"063060","S","06654"
1,"2024-04-05","23:00:00.0000000","NS",1,106,"C",1,4,17.19689521776072,"Spring",1,"061939","S","06655"
1,"2024-04-06","07:00:00.0000000","OS",1,89,"C",1,4,16.40746789863442,"Spring",1,"063060","S","06458"
1,"2024-04-06","07:30:00.0000000","OS",1,196,"C",1,1,4.333,"Winter",1,"056687","LF","06467"
1,"2024-04-06","07:30:00.0000000","OS",1,86,"C",1,1,4.333,"Spring",1,"063060","S","06462"
1,"2024-04-06","07:30:00.0000000","OS",1,89,"C",1,1,4.333,"Spring",2,"063060","S","06468"
1,"2024-04-06","07:30:00.0000000","OS",1,89,"C",1,1,4.333,"Spring",2,"063060","S","06464"
1,"2024-04-06","07:30:00.0000000","OS",1,96,"C",1,1,4.333,"Spring",1,"063060","S","06463"
1,"2024-04-06","07:30:00.0000000","OS",1,100,"C",1,1,4.333,"Spring",1,"063060","S","06459"
1,"2024-04-06","07:30:00.0000000","OS",1,107,"C",1,1,4.333,"Spring",1,"061939","S","06466"
1,"2024-04-06","07:30:00.0000000","OS",1,110,"C",1,1,4.333,"Spring",1,"061939","S","06470"
1,"2024-04-06","07:30:00.0000000","OS",1,114,"C",1,1,4.333,"Spring",1,"061939","S","06461"
1,"2024-04-06","07:30:00.0000000","OS",1,117,"C",1,1,4.333,"Spring",1,"061939","S","06465"
1,"2024-04-06","07:30:00.0000000","OS",1,118,"C",1,1,4.333,"Spring",1,"061939","S","06469"
1,"2024-04-06","08:00:00.0000000","NS",1,80,"C",1,2,8.328278856682934,"Spring",1,"063060","S","06656"
1,"2024-04-06","08:00:00.0000000","NS",1,89,"C",1,2,8.328278856682934,"Spring",1,"063060","S","06660"
1,"2024-04-06","08:00:00.0000000","NS",1,94,"C",1,2,8.328278856682934,"Spring",1,"063060","S","06659"
1,"2024-04-06","08:00:00.0000000","NS",1,96,"C",1,2,8.328278856682934,"Spring",1,"063060","S","06657"
1,"2024-04-06","08:00:00.0000000","NS",1,97,"C",1,2,8.328278856682934,"Spring",1,"063060","S","06658"
1,"2024-04-06","09:00:00.0000000","NS",1,84,"C",1,2,8.337541668179673,"Spring",1,"063060","S","06661"
1,"2024-04-06","09:00:00.0000000","NS",1,90,"C",1,2,8.337541668179673,"Spring",2,"063060","S","06662"
1,"2024-04-06","09:00:00.0000000","NS",1,90,"C",1,2,8.337541668179673,"Spring",2,"063060","S","06663"
1,"2024-04-06","13:00:00.0000000","NS",1,95,"C",1,4,16.67508333635935,"Spring",1,,,
1,"2024-04-06","15:00:00.0000000","NS",1,90,"C",1,4,16.61907428986227,"Spring",1,"063060","S","06665"
1,"2024-04-07","08:00:00.0000000","NS",1,94,"C",1,2,8.346733553169416,"Spring",1,"063060","S","06669"
1,"2024-04-07","08:00:00.0000000","NS",1,99,"C",1,2,8.346733553169416,"Spring",2,"063060","S","06667"
1,"2024-04-07","08:00:00.0000000","NS",1,99,"C",1,2,8.346733553169416,"Spring",2,"063060","S","06666"
1,"2024-04-07","08:00:00.0000000","NS",1,101,"C",1,2,8.820373326576677,"Spring",1,"063060","S","06668"
1,"2024-04-07","11:00:00.0000000","OS",1,103,"C",1,4,17.39485579570206,"Spring",1,"063060","S","06471"
1,"2024-04-07","13:00:00.0000000","OS",1,95,"C",1,4,16.44600036195498,"Spring",1,"063060","S","06474"
1,"2024-04-07","13:00:00.0000000","OS",1,101,"C",1,4,17.32195211477119,"Spring",1,"063060","S","06473"
1,"2024-04-07","15:00:00.0000000","NS",1,82,"C",1,4,16.36834061811984,"Spring",1,"063060","S","06673"
1,"2024-04-07","15:00:00.0000000","NS",1,84,"C",1,4,16.36834061811984,"Spring",1,"063060","S","06676"
1,"2024-04-07","15:00:00.0000000","NS",1,89,"C",1,4,16.36834061811984,"Spring",1,"063060","S","06671"
1,"2024-04-07","15:00:00.0000000","NS",1,93,"C",1,4,16.36834061811984,"Spring",1,"063060","S","06670"
1,"2024-04-07","19:30:00.0000000","OS",1,91,"C",1,1,4.333,"Spring",1,"063060","S","06478"
1,"2024-04-07","19:30:00.0000000","OS",1,95,"C",1,1,4.333,"Spring",1,"063060","S","06480"
1,"2024-04-07","19:30:00.0000000","OS",1,97,"C",1,1,4.333,"Spring",2,"063060","S","06476"
1,"2024-04-07","19:30:00.0000000","OS",1,97,"C",1,1,4.333,"Spring",2,"063060","S","06479"
1,"2024-04-07","19:30:00.0000000","OS",1,101,"C",1,1,4.333,"Spring",1,"063060","S","06482"
1,"2024-04-07","19:30:00.0000000","OS",1,105,"C",1,1,4.333,"Spring",1,"061939","S","06481"
1,"2024-04-07","19:30:00.0000000","OS",1,115,"C",1,1,4.333,"Spring",1,"061939","S","06475"
1,"2024-04-07","19:30:00.0000000","OS",1,117,"C",1,1,4.333,"Spring",1,"061939","S","06477"
2,"2024-04-05","04:00:00.0000000","F",1,95,"C",1,4,3.267956724746963,"Spring",1,"063060","S","14872"
2,"2024-04-05","04:00:00.0000000","F",1,98,"C",1,4,3.267956724746963,"Spring",1,"063060","S","14873"
2,"2024-04-06","16:00:00.0000000","F",1,99,"C",1,4,3.268159568072293,"Spring",1,"061939","S","14875"
2,"2024-04-06","06:00:00.0000000","F",1,103,"C",1,4,3.88340732054611,"Spring",1,"061939","S","14874"
1,"2024-04-08","15:00:00.0000000","NS",1,88,"C",1,4,16.58100333952861,"Spring",1,"063060","S","06677"
1,"2024-04-08","15:00:00.0000000","NS",1,94,"C",1,4,16.58100333952861,"Spring",1,"063060","S","06672"
1,"2024-04-09","03:00:00.0000000","NS",1,92,"C",1,2,8.174274800324111,"Spring",1,"063060","S","06678"
1,"2024-04-09","05:00:00.0000000","NS",1,83,"C",1,4,16.28824564934946,"Spring",1,"063060","S","06674"
1,"2024-04-09","07:00:00.0000000","NS",1,110,"C",1,4,17.06718517713591,"Spring",1,"061939","S","06675"
1,"2024-04-09","09:00:00.0000000","NS",1,84,"C",1,2,8.231561932696259,"Spring",1,,,
1,"2024-04-09","09:00:00.0000000","NS",1,90,"C",1,2,8.231561932696259,"Spring",2,"063060","S","06680"
1,"2024-04-09","09:00:00.0000000","NS",1,90,"C",1,2,8.231561932696259,"Spring",2,"063060","S","06686"
1,"2024-04-09","09:00:00.0000000","NS",1,94,"C",1,2,8.231561932696259,"Spring",1,"063060","S","06682"
1,"2024-04-09","09:00:00.0000000","NS",1,96,"C",1,2,8.231561932696259,"Spring",2,"063060","S","06681"
1,"2024-04-09","09:00:00.0000000","NS",1,96,"C",1,2,8.231561932696259,"Spring",2,"063060","S","06689"
1,"2024-04-09","09:00:00.0000000","NS",1,105,"C",1,2,8.671977245819944,"Spring",1,"061939","S","06679"
1,"2024-04-09","11:00:00.0000000","NS",1,95,"C",1,4,16.52276472448213,"Spring",1,"063060","S","06687"
1,"2024-04-09","13:00:00.0000000","NS",1,100,"C",1,4,16.56174320806305,"Spring",1,,,
1,"2024-04-09","13:00:00.0000000","NS",1,108,"C",1,4,17.47083646021092,"Spring",1,"061939","S","06689"
1,"2024-04-09","18:45:00.0000000","NS",1,85,"C",1,1,4.333,"Spring",1,"063060","S","06699"
1,"2024-04-09","18:45:00.0000000","NS",1,90,"C",1,1,4.333,"Spring",1,"063060","S","06700"
1,"2024-04-09","18:45:00.0000000","NS",1,92,"C",1,1,4.333,"Spring",2,"063060","S","06696"
1,"2024-04-09","18:45:00.0000000","NS",1,92,"C",1,1,4.333,"Spring",2,"063060","S","06701"
1,"2024-04-09","18:45:00.0000000","NS",1,93,"C",1,1,4.333,"Spring",1,"063060","S","06698"
1,"2024-04-09","18:45:00.0000000","NS",1,95,"C",1,1,4.333,"Spring",1,"063060","S","06697"
1,"2024-04-09","18:45:00.0000000","NS",1,102,"C",1,1,4.333,"Spring",3,"063060","S","06695"
1,"2024-04-09","18:45:00.0000000","NS",1,102,"C",1,1,4.333,"Spring",3,"061939","S","06693"
1,"2024-04-09","18:45:00.0000000","NS",1,102,"C",1,1,4.333,"Spring",3,"063060","S","06692"
1,"2024-04-09","18:45:00.0000000","NS",1,108,"C",1,1,4.333,"Spring",1,"061939","S","06694"
2,"2024-04-09","06:00:00.0000000","F",1,86,"C",1,4,3.268159568072293,"Spring",1,"063060","S","14877"
1,"2024-04-10","06:45:00.0000000","NS",1,95,"C",1,1,4.333,"Spring",1,"063060","S","06703"
1,"2024-04-10","06:45:00.0000000","NS",1,96,"C",1,1,4.333,"Spring",1,"063060","S","06690"
1,"2024-04-10","06:45:00.0000000","NS",1,100,"C",1,1,4.333,"Spring",1,"063060","S","06702"
1,"2024-04-10","06:45:00.0000000","NS",1,119,"C",1,1,4.333,"Spring",1,"061939","S","06691"
2,"2024-04-10","04:00:00.0000000","F",1,90,"C",1,4,3.267879956752658,"Spring",1,"063060","S","14878"
2,"2024-04-10","06:00:00.0000000","F",1,100,"C",1,4,3.268092660369836,"Spring",1,"063060","S","14879"
2,"2024-04-10","18:00:00.0000000","F",1,81,"C",1,4,3.268025049641057,"Spring",1,"063060","S","14880"
2,"2024-04-10","18:00:00.0000000","F",1,90,"C",1,4,3.268025049641057,"Spring",1,"063060","S","14881"
1,"2024-04-11","15:00:00.0000000","NS",1,84,"C",1,4,16.67332512862837,"Spring",1,"063060","S","06704"
2,"2024-04-11","06:00:00.0000000","F",1,83,"C",1,4,3.268092660369836,"Spring",1,"063060","S","14885"
2,"2024-04-11","06:00:00.0000000","F",1,91,"C",1,4,3.268092660369836,"Spring",1,"063060","S","14884"
2,"2024-04-11","06:00:00.0000000","F",1,95,"C",1,4,3.268092660369836,"Spring",1,"063060","S","14883"
2,"2024-04-11","02:00:00.0000000","F",1,88,"C",1,4,3.267887674311989,"Spring",1,"063060","S","14882"
2,"2024-04-11","22:00:00.0000000","F",1,91,"C",1,4,3.268090935590537,"Spring",1,"063060","S","14886"
1,"2024-04-12","19:00:00.0000000","NS",1,89,"C",1,1,4.333,"Spring",1,"063060","S","06705"
1,"2024-04-12","19:00:00.0000000","NS",1,93,"C",1,1,4.333,"Spring",1,"063060","S","06706"
1,"2024-04-12","19:00:00.0000000","NS",1,96,"C",1,1,4.333,"Spring",1,"063060","S","06707"
1,"2024-04-12","19:00:00.0000000","NS",1,97,"C",1,1,4.333,"Spring",1,"063060","S","06708"
1,"2024-04-13","19:00:00.0000000","NS",1,94,"C",1,1,4.333,"Spring",1,"063060","S","06709"
1,"2024-04-14","16:30:00.0000000","NS",1,90,"C",1,1,4.333,"Spring",2,"063060","S","06712"
1,"2024-04-14","16:30:00.0000000","NS",1,90,"C",1,1,4.333,"Spring",2,"063060","S","06711"
1,"2024-04-14","16:30:00.0000000","NS",1,91,"C",1,1,4.333,"Spring",1,"063060","S","06713"
1,"2024-04-14","16:30:00.0000000","NS",1,95,"C",1,1,4.333,"Spring",2,"063060","S","06714"
1,"2024-04-14","16:30:00.0000000","NS",1,95,"C",1,1,4.333,"Spring",2,"063060","S","06710"
1,"2024-04-14","16:30:00.0000000","NS",1,116,"C",1,1,4.333,"Spring",1,"063060","S","06715"
2,"2024-04-12","23:59:00.0000000","F",1,82,"C",1,4,3.267961748591992,"Spring",1,"063060","S","14895"
2,"2024-04-12","22:00:00.0000000","F",1,87,"C",1,4,3.267958485681534,"Spring",1,"063060","S","14889"
2,"2024-04-12","22:00:00.0000000","F",1,95,"C",1,4,3.267958485681534,"Spring",1,"063060","S","14894"
2,"2024-04-12","22:00:00.0000000","F",1,96,"C",1,4,3.267958485681534,"Spring",1,"063060","S","14893"
2,"2024-04-12","22:00:00.0000000","F",1,103,"C",1,4,3.883313478302301,"Spring",1,"061939","S","14890"
2,"2024-04-12","22:00:00.0000000","F",1,113,"C",1,4,3.883313478302301,"Spring",1,"061939","S","14891"
2,"2024-04-12","10:00:00.0000000","F",1,88,"C",1,4,3.268086251715386,"Spring",1,"063060","S","14887"
2,"2024-04-12","10:00:00.0000000","F",1,102,"C",1,4,3.883493604011861,"Spring",1,"063060","S","14888"
2,"2024-04-13","06:00:00.0000000","F",1,96,"C",1,4,3.267891233192082,"Spring",1,"063060","S","14896"
2,"2024-04-13","22:00:00.0000000","F",1,86,"C",1,4,3.26795486811036,"Spring",1,"063060","S","14899"
2,"2024-04-13","22:00:00.0000000","F",1,89,"C",1,4,3.26795486811036,"Spring",1,"063060","S","14898"
2,"2024-04-13","22:00:00.0000000","F",1,91,"C",1,4,3.26795486811036,"Spring",1,"063060","S","14897"
2,"2024-04-13","23:59:00.0000000","F",1,79,"C",1,4,3.267958485681534,"Spring",1,"063060","S","14901"
2,"2024-04-13","23:59:00.0000000","F",1,84,"C",1,4,3.267958485681534,"Spring",1,"063060","S","14902"
2,"2024-04-13","23:59:00.0000000","F",1,95,"C",1,4,3.267958485681534,"Spring",1,"063060","S","14900"
2,"2024-04-14","22:00:00.0000000","F",1,70,"C",1,4,3.2679508347307,"Fall",1,,,
2,"2024-04-14","22:00:00.0000000","F",1,90,"C",1,4,3.2679508347307,"Spring",1,,,
2,"2024-04-14","22:00:00.0000000","F",1,96,"C",1,4,3.2679508347307,"Spring",1,"063060","S","14903"
1,"2024-04-15","11:00:00.0000000","OS",1,92,"C",1,2,8.307962170046581,"Spring",1,"063060","S","06472"
1,"2024-04-15","13:00:00.0000000","OS",1,84,"C",1,4,16.59648466829154,"Spring",1,"063060","S","06483"
1,"2024-04-15","13:00:00.0000000","OS",1,94,"C",1,4,16.59648466829154,"Spring",1,"063060","S","06484"
1,"2024-04-15","16:30:00.0000000","OS",1,101,"C",1,1,4.333,"Spring",1,"063060","S","06163"
1,"2024-04-15","16:30:00.0000000","OS",1,122,"C",1,1,4.333,"Spring",1,"061939","S","06164"
2,"2024-04-15","20:00:00.0000000","F",1,80,"C",1,4,3.268170968170767,"Spring",1,,,
2,"2024-04-15","08:00:00.0000000","F",1,84,"C",1,4,3.267958485681534,"Spring",1,"063060","S","14904"
1,"2024-04-16","18:30:00.0000000","NS",1,174,"C",1,1,4.333,"Winter",1,"056691","LF","06718"
1,"2024-04-16","18:30:00.0000000","NS",1,99,"C",1,1,4.333,"Spring",1,"063060","S","06716"
1,"2024-04-16","18:30:00.0000000","NS",1,115,"C",1,1,4.333,"Spring",1,"061939","S","06717"
2,"2024-04-16","16:00:00.0000000","F",1,121,"C",1,4,3.518941954582164,"Spring",1,"061939","S","14907"
2,"2024-04-16","02:00:00.0000000","F",1,85,"C",1,4,3.267887674311989,"Spring",2,"061939","S","14906"
2,"2024-04-16","02:00:00.0000000","F",1,85,"C",1,4,3.267887674311989,"Spring",2,"063060","S","14905"
1,"2024-04-17","19:30:00.0000000","OS",1,89,"C",1,1,4.333,"Spring",1,"061939","S","06487"
1,"2024-04-17","19:30:00.0000000","OS",1,94,"C",1,1,4.333,"Spring",1,"063060","S","06485"
1,"2024-04-17","19:30:00.0000000","OS",1,95,"C",1,1,4.333,"Spring",3,"063060","S","06486"
1,"2024-04-17","19:30:00.0000000","OS",1,95,"C",1,1,4.333,"Spring",3,"063060","S","06488"
1,"2024-04-17","19:30:00.0000000","OS",1,95,"C",1,1,4.333,"Spring",3,"063060","S","06490"
2,"2024-04-17","04:00:00.0000000","F",1,100,"C",1,4,3.268025049641057,"Spring",1,"063060","S","14908"
2,"2024-04-17","23:59:00.0000000","F",1,87,"C",1,4,3.006700029437739,"Spring",1,"063060","S","14909"
1,"2024-04-18","19:30:00.0000000","NS",1,89,"C",1,1,4.333,"Spring",1,"063060","S","06723"
1,"2024-04-18","19:30:00.0000000","NS",1,94,"C",1,1,4.333,"Spring",1,"063060","S","06727"
1,"2024-04-18","19:30:00.0000000","NS",1,95,"C",1,1,4.333,"Spring",1,"063060","S","06719"
1,"2024-04-18","19:30:00.0000000","NS",1,101,"C",1,1,4.333,"Spring",1,"063060","S","06725"
1,"2024-04-18","19:30:00.0000000","NS",1,105,"C",1,1,4.333,"Spring",1,"063060","S","06721"
1,"2024-04-19","16:00:00.0000000","OS",1,94,"C",1,2,8.278567552967473,"Spring",1,"063060","S","06489"
1,"2024-04-20","15:30:00.0000000","NS",1,102,"C",1,1,4.333,"Spring",1,"063060","S","06720"
1,"2024-04-21","19:30:00.0000000","NS",1,94,"C",1,1,4.333,"Spring",2,"063060","S","06726"
1,"2024-04-21","19:30:00.0000000","NS",1,94,"C",1,1,4.333,"Spring",2,"063060","S","06500"
2,"2024-04-20","02:00:00.0000000","F",1,90,"C",1,4,3.268025049641057,"Spring",1,"063060","S","14910"
2,"2024-04-20","02:00:00.0000000","F",1,95,"C",1,4,3.268025049641057,"Spring",1,"063060","S","14911"
2,"2024-04-20","04:00:00.0000000","F",1,89,"C",1,4,3.268159568072293,"Spring",1,"063060","S","14912"
2,"2024-04-21","02:00:00.0000000","F",1,97,"C",1,4,3.267879956752658,"Spring",1,"063060","S","14913"
1,"2024-04-22","15:30:00.0000000","NS",1,98,"C",1,1,4.333,"Spring",1,"063060","S","06501"
1,"2024-04-22","15:30:00.0000000","NS",1,101,"C",1,1,4.333,"Spring",1,"063060","S","06502"
1,"2024-04-24","15:30:00.0000000","NS",1,103,"C",1,1,4.333,"Spring",1,"063060","S","06503"
1,"2024-04-25","15:45:00.0000000","OS",1,101,"C",1,1,4.333,"Spring",1,"063060","S","06492"
1,"2024-04-25","15:45:00.0000000","OS",1,105,"C",1,1,4.333,"Spring",1,"063060","S","06491"
1,"2024-04-26","15:45:00.0000000","OS",1,93,"C",1,1,4.333,"Spring",1,"063060","S","06496"
1,"2024-04-26","15:45:00.0000000","OS",1,96,"C",1,1,4.333,"Spring",1,"063060","S","06494"
1,"2024-04-26","15:45:00.0000000","OS",1,100,"C",1,1,4.333,"Spring",1,"063060","S","06493"
1,"2024-04-27","14:45:00.0000000","NS",1,232,"C",1,1,4.333,"Winter",1,"056728","S","06562"
1,"2024-05-04","16:45:00.0000000","NS",1,225,"C",1,1,4.333,"Winter",1,"050045","LF","06516"
2,"2024-05-13","20:00:00.0000000","F",1,90,"C",1,4,3.268098422706676,"Fall",1,,,
2,"2024-05-16","20:00:00.0000000","F",1,81,"C",1,4,2.537075385843161,"Fall",1,"062898","F","14914"
1,"2024-01-11","16:20:00.0000000","NS",1,183,"C",1,1,4.333,"LateFall",,,,
1,"2024-03-21","16:30:00.0000000","NS",1,105,"C",1,1,4.333,"Spring",,,,
1,"2024-03-22","16:30:00.0000000","NS",1,95,"C",1,1,4.333,"Spring",,,,
2,"2024-03-26","04:00:00.0000000","F",1,102,"C",1,4,3.51886600413471,"Spring",,,,
1,"2024-04-02","07:30:00.0000000","NS",1,85,"C",1,1,4.333,"Spring",,,,
1,"2024-04-02","07:30:00.0000000","NS",1,92,"C",1,1,4.333,"Spring",,,,
1,"2024-04-02","07:30:00.0000000","NS",1,92,"C",1,1,4.333,"Spring",,,,
1,"2024-04-02","07:30:00.0000000","NS",1,92,"C",1,1,4.333,"Spring",,,,
1,"2024-04-04","00:30:00.0000000","NS",1,97,"C",1,1,4.333,"Spring",,,,
