LengthRowID,CatchRowID,ForkLength,LengthFrequency,AdiposeClip,Sex,AccidentallyEuthanized
1973113,1305661,76,1,0,,0
1973149,1305704,216,1,0,,0
1973147,1305695,207,1,0,,0
1973151,1305705,102,1,0,,0
1973150,1305705,32,1,0,,0
1973140,1305694,42,2,0,,0
1973146,1305694,121,1,0,,0
1973145,1305694,118,1,0,,0
1973144,1305694,50,1,0,,0
1973143,1305694,48,1,0,,0
1973141,1305694,43,1,0,,0
1973139,1305694,40,1,0,,0
1973138,1305694,38,1,0,,0
1973137,1305694,37,2,0,,0
1973136,1305694,35,2,0,,0
1973135,1305694,34,1,0,,0
1973134,1305694,33,1,0,,0
1973133,1305694,28,1,0,,0
1973142,1305694,44,1,0,,0
1973128,1305683,60,1,0,,0
1973129,1305683,70,1,0,,0
1973130,1305688,43,1,0,,0
1973131,1305688,175,1,0,,0
1973123,1305677,69,1,0,,0
1973124,1305677,74,1,0,,0
1973122,1305677,45,1,0,,0
1973125,1305678,42,1,0,,0
1973126,1305678,65,1,0,,0
1973127,1305678,118,1,0,,0
1973148,1305699,86,1,0,,0
1973120,1305674,44,1,0,,0
1973121,1305674,49,1,0,,0
1973119,1305674,42,1,0,,0
1973118,1305674,38,1,0,,0
1973117,1305674,36,1,0,,0
1973116,1305674,33,1,0,,0
1973115,1305674,31,5,0,,0
1973114,1305674,29,1,0,,0
1973132,1305689,47,1,0,,0
1973176,1305749,79,1,0,,0
1973178,1305755,106,1,0,,0
1973177,1305759,95,1,0,,0
1973180,1305762,214,1,0,,0
1973182,1305771,201,1,0,,0
1973184,1305779,89,1,0,,0
1973183,1305779,38,1,0,,0
1973179,1305760,75,1,0,,0
1973181,1305763,84,1,0,,0
1973256,1305950,163,1,0,,0
1973248,1305952,188,1,0,,0
1973249,1305952,202,1,0,,0
1973247,1305953,51,1,0,,0
1973251,1305959,87,1,0,,0
1973252,1305959,91,1,0,,0
1973254,1305960,126,1,0,,0
1973253,1305960,110,1,0,,0
1973246,1305960,171,1,0,,0
1973255,1305961,144,1,0,,0
1973250,1305962,80,1,0,,0
1973258,1305968,38,1,0,,0
1973259,1305968,40,1,0,,0
1973279,1305978,72,1,0,,0
1973278,1305978,59,1,0,,0
1973284,1305985,47,1,0,,0
1973257,1305965,198,1,0,,0
1973280,1305980,50,1,0,,0
1973281,1305980,60,2,0,,0
1973282,1305980,62,1,0,,0
1973283,1305980,83,1,0,,0
1973285,1305992,56,1,0,,0
1973260,1305970,45,1,0,,0
1973263,1305971,36,1,0,,0
1973269,1305971,43,1,0,,0
1973273,1305971,48,1,0,,0
1973272,1305971,47,2,0,,0
1973271,1305971,45,1,0,,0
1973274,1305971,58,1,0,,0
1973270,1305971,44,2,0,,0
1973267,1305971,41,1,0,,0
1973266,1305971,40,3,0,,0
1973264,1305971,37,3,0,,0
1973262,1305971,33,4,0,,0
1973261,1305971,32,2,0,,0
1973265,1305971,38,1,0,,0
1973268,1305971,42,1,0,,0
1973276,1305972,33,1,0,,0
1973277,1305972,35,1,0,,0
1973275,1305972,32,1,0,,0
1973325,1306043,181,1,0,,0
1973326,1306044,100,1,0,,0
1973327,1306049,167,1,0,,0
1973347,1306101,39,1,0,,0
1973340,1306094,36,1,0,,0
1973341,1306094,51,1,0,,0
1973338,1306083,121,1,0,,0
1973339,1306085,206,1,0,,0
1973348,1306102,197,1,0,,0
1973342,1306096,33,1,0,,0
1973343,1306096,34,1,0,,0
1973344,1306096,42,1,0,,0
1973345,1306096,46,1,0,,0
1973336,1306065,58,1,0,,0
1973335,1306065,54,1,0,,0
1973333,1306063,28,1,0,,0
1973334,1306063,34,1,0,,0
1973328,1306056,47,1,0,,0
1973331,1306061,30,1,0,,0
1973332,1306061,44,1,0,,0
1973337,1306070,70,1,0,,0
1973329,1306058,184,1,0,,0
1973330,1306058,187,1,0,,0
1973346,1306100,70,1,0,,0
1973775,1306411,106,1,0,,0
1973782,1306411,119,1,0,,0
1973772,1306411,94,1,0,,0
1973769,1306409,81,1,0,,0
1973779,1306410,112,1,0,,0
1973778,1306410,108,1,0,,0
1973776,1306410,107,1,0,,0
1973773,1306410,99,1,0,,0
1973774,1306410,102,1,0,,0
1973784,1306410,131,1,0,,0
1973783,1306421,245,1,0,,0
1973781,1306422,114,1,0,,0
1973786,1306419,154,1,0,,0
1973765,1306420,170,1,0,,0
1973771,1306428,91,1,0,,0
1973766,1306429,58,1,0,,0
1973770,1306430,86,1,0,,0
1973768,1306440,71,1,0,,0
1973767,1306441,59,1,0,,0
1973785,1306438,138,1,0,,0
1973780,1306438,112,1,0,,0
1973777,1306439,107,1,0,,0
1973973,1306519,33,8,0,,0
1973978,1306519,38,1,0,,0
1973977,1306519,37,2,0,,0
1973976,1306519,36,5,0,,0
1973974,1306519,34,8,0,,0
1973972,1306519,32,1,0,,0
1973975,1306519,35,5,0,,0
1973904,1306495,34,2,0,,0
1973905,1306495,37,1,0,,0
1973797,1306456,37,2,0,,0
1973794,1306456,34,1,0,,0
1973793,1306456,33,1,0,,0
1973796,1306456,36,1,0,,0
1973795,1306456,35,2,0,,0
1973931,1306511,36,5,0,,0
1973929,1306511,34,4,0,,0
1973930,1306511,35,3,0,,0
1973946,1306517,100,1,0,,0
1973937,1306517,65,2,0,,0
1973954,1306517,130,1,0,,0
1973953,1306517,115,2,0,,0
1973952,1306517,110,2,0,,0
1973951,1306517,108,1,0,,0
1973950,1306517,107,1,0,,0
1973949,1306517,105,1,0,,0
1973948,1306517,103,1,0,,0
1973947,1306517,102,1,0,,0
1973936,1306517,63,1,0,,0
1973944,1306517,91,1,0,,0
1973943,1306517,80,2,0,,0
1973942,1306517,79,1,0,,0
1973941,1306517,78,1,0,,0
1973940,1306517,77,1,0,,0
1973938,1306517,69,1,0,,0
1973945,1306517,96,1,0,,0
1973939,1306517,73,1,0,,0
1973935,1306517,51,1,0,,0
1974008,1306536,92,1,0,,0
1974002,1306536,48,1,0,,0
1974003,1306536,50,2,0,,0
1974004,1306536,52,1,0,,0
1974005,1306536,55,1,0,,0
1974006,1306536,60,1,0,,0
1974009,1306536,165,1,0,,0
1973991,1306536,23,1,0,,0
1974001,1306536,46,1,0,,0
1974007,1306536,64,1,0,,0
1973999,1306536,44,1,0,,0
1973998,1306536,43,2,0,,0
1973997,1306536,41,1,0,,0
1973996,1306536,40,1,0,,0
1973995,1306536,38,2,0,,0
1973994,1306536,37,1,0,,0
1973992,1306536,26,1,0,,0
1974000,1306536,45,1,0,,0
1973993,1306536,35,3,0,,0
1974021,1306552,150,1,0,,0
1973990,1306534,30,1,0,,0
1973833,1306478,52,1,0,,0
1973886,1306487,94,1,0,,0
1973887,1306487,96,1,0,,0
1973888,1306487,99,1,0,,0
1973889,1306487,101,1,0,,0
1973890,1306487,105,1,0,,0
1973891,1306487,138,1,0,,0
1973892,1306487,213,1,0,,0
1973893,1306487,245,1,0,,0
1973903,1306493,35,1,0,,0
1973923,1306508,25,1,0,,0
1973799,1306459,145,1,0,,0
1973800,1306459,183,1,0,,0
1973817,1306465,37,2,0,,0
1973816,1306465,36,1,0,,0
1973814,1306465,34,2,0,,0
1973815,1306465,35,1,0,,0
1973819,1306472,51,1,0,,0
1973820,1306472,75,1,0,,0
1973881,1306482,36,2,0,,0
1973882,1306482,37,1,0,,0
1973964,1306518,68,1,0,,0
1973965,1306518,69,1,0,,0
1973971,1306518,131,1,0,,0
1973967,1306518,79,1,0,,0
1973969,1306518,91,1,0,,0
1973966,1306518,70,1,0,,0
1973963,1306518,62,3,0,,0
1973970,1306518,101,1,0,,0
1973961,1306518,59,1,0,,0
1973960,1306518,58,1,0,,0
1973959,1306518,55,3,0,,0
1973958,1306518,54,2,0,,0
1973957,1306518,52,1,0,,0
1973956,1306518,48,1,0,,0
1973955,1306518,47,1,0,,0
1973968,1306518,80,1,0,,0
1973962,1306518,60,3,0,,0
1973985,1306531,101,1,0,,0
1973981,1306531,85,1,0,,0
1973989,1306531,253,1,0,,0
1973988,1306531,160,1,0,,0
1973987,1306531,106,1,0,,0
1973986,1306531,105,1,0,,0
1973982,1306531,90,2,0,,0
1973980,1306531,75,1,0,,0
1973979,1306531,65,1,0,,0
1973984,1306531,100,1,0,,0
1973983,1306531,95,2,0,,0
1973898,1306489,37,1,0,,0
1973899,1306489,41,1,0,,0
1973897,1306489,36,6,0,,0
1973895,1306489,34,10,0,,0
1973894,1306489,33,3,0,,0
1973896,1306489,35,18,0,,0
1973884,1306485,70,1,0,,0
1973885,1306485,85,1,0,,0
1973883,1306485,60,1,0,,0
1973901,1306492,65,1,0,,0
1973902,1306492,66,1,0,,0
1973907,1306500,30,1,0,,0
1973914,1306500,45,4,0,,0
1973917,1306500,107,1,0,,0
1973918,1306500,120,1,0,,0
1973916,1306500,100,1,0,,0
1973915,1306500,50,2,0,,0
1973912,1306500,40,4,0,,0
1973911,1306500,37,1,0,,0
1973910,1306500,36,1,0,,0
1973908,1306500,32,4,0,,0
1973913,1306500,43,1,0,,0
1973909,1306500,35,3,0,,0
1973818,1306470,132,1,0,,0
1973813,1306462,37,1,0,,0
1973811,1306462,30,1,0,,0
1973812,1306462,34,1,0,,0
1973789,1306449,170,1,0,,0
1973790,1306450,45,1,0,,0
1973791,1306450,50,1,0,,0
1973792,1306450,60,1,0,,0
1973787,1306448,54,1,0,,0
1973788,1306448,172,1,0,,0
1973919,1306504,173,1,0,,0
1973920,1306505,57,1,0,,0
1973921,1306505,65,1,0,,0
1973922,1306505,89,1,0,,0
1973826,1306474,42,1,0,,0
1973825,1306474,37,1,0,,0
1973822,1306474,23,1,0,,0
1973823,1306474,26,1,0,,0
1973827,1306474,45,1,0,,0
1973824,1306474,32,1,0,,0
1973840,1306479,66,1,0,,0
1973846,1306479,80,1,0,,0
1973845,1306479,74,1,0,,0
1973844,1306479,72,1,0,,0
1973843,1306479,70,1,0,,0
1973847,1306479,82,1,0,,0
1973841,1306479,67,1,0,,0
1973838,1306479,55,1,0,,0
1973837,1306479,54,2,0,,0
1973836,1306479,53,1,0,,0
1973835,1306479,47,1,0,,0
1973834,1306479,46,1,0,,0
1973839,1306479,64,1,0,,0
1973842,1306479,68,2,0,,0
1973853,1306480,61,1,0,,0
1973859,1306480,72,1,0,,0
1973860,1306480,75,1,0,,0
1973861,1306480,76,1,0,,0
1973862,1306480,77,1,0,,0
1973863,1306480,78,1,0,,0
1973864,1306480,85,2,0,,0
1973866,1306480,101,1,0,,0
1973858,1306480,67,2,0,,0
1973865,1306480,92,1,0,,0
1973850,1306480,56,1,0,,0
1973857,1306480,66,1,0,,0
1973849,1306480,55,1,0,,0
1973851,1306480,57,1,0,,0
1973852,1306480,59,2,0,,0
1973855,1306480,64,2,0,,0
1973854,1306480,63,2,0,,0
1973848,1306480,52,1,0,,0
1973856,1306480,65,1,0,,0
1973870,1306481,34,1,0,,0
1973875,1306481,42,1,0,,0
1973879,1306481,48,3,0,,0
1973878,1306481,46,1,0,,0
1973877,1306481,45,1,0,,0
1973876,1306481,43,3,0,,0
1973880,1306481,92,1,0,,0
1973874,1306481,41,1,0,,0
1973873,1306481,39,2,0,,0
1973871,1306481,36,3,0,,0
1973869,1306481,33,1,0,,0
1973868,1306481,32,1,0,,0
1973867,1306481,30,1,0,,0
1973872,1306481,37,4,0,,0
1974010,1306543,33,7,0,,0
1974014,1306543,38,1,0,,0
1974013,1306543,36,5,0,,0
1974011,1306543,34,3,0,,0
1974012,1306543,35,3,0,,0
1974019,1306549,67,1,0,,0
1974020,1306549,73,1,0,,0
1974015,1306545,174,1,0,,0
1974016,1306546,83,2,0,,0
1974017,1306546,112,1,0,,0
1974018,1306546,138,1,0,,0
1973932,1306512,49,1,0,,0
1973933,1306512,54,1,0,,0
1973934,1306512,77,1,0,,0
1973924,1306510,43,1,0,,0
1973925,1306510,57,1,0,,0
1973926,1306510,67,1,0,,0
1973927,1306510,68,1,0,,0
1973928,1306510,71,1,0,,0
1973900,1306491,161,1,0,,0
1973906,1306497,34,1,0,,0
1973808,1306460,44,3,0,,0
1973809,1306460,55,1,0,,0
1973807,1306460,43,1,0,,0
1973806,1306460,42,1,0,,0
1973804,1306460,40,1,0,,0
1973803,1306460,39,1,0,,0
1973801,1306460,33,1,0,,0
1973802,1306460,34,1,0,,0
1973805,1306460,41,1,0,,0
1973810,1306460,107,1,0,,0
1973798,1306458,49,1,0,,0
1973821,1306473,64,1,0,,0
1973831,1306477,35,8,0,,0
1973832,1306477,36,1,0,,0
1973830,1306477,34,4,0,,0
1973829,1306477,33,7,0,,0
1973828,1306477,32,2,0,,0
1974416,1306759,131,1,0,,0
1974400,1306759,113,1,0,,0
1974396,1306759,110,1,0,,0
1974437,1306759,151,1,0,,0
1974443,1306759,156,1,0,,0
1974392,1306759,104,1,0,,0
1974418,1306759,132,1,0,,0
1974377,1306759,85,1,0,,0
1974387,1306759,99,1,0,,0
1974382,1306759,91,1,0,,0
1974380,1306759,88,1,0,,0
1974374,1306759,74,1,0,,0
1974407,1306757,126,1,0,,0
1974372,1306757,71,1,0,,0
1974384,1306757,95,1,0,,0
1974399,1306757,113,1,0,,0
1974395,1306758,108,1,0,,0
1974386,1306758,98,1,0,,0
1974379,1306758,88,1,0,,0
1974394,1306758,106,1,0,,0
1974402,1306758,115,1,0,,0
1974403,1306758,117,1,0,,0
1974385,1306758,97,1,0,,0
1974410,1306758,129,1,0,,0
1974422,1306758,135,1,0,,0
1974425,1306758,137,1,0,,0
1974447,1306758,161,1,0,,0
1974442,1306758,156,1,0,,0
1974391,1306758,103,1,0,,0
1974371,1306780,65,1,0,,0
1974368,1306780,53,1,0,,0
1974446,1306780,38,1,0,,0
1974420,1306781,132,1,0,,0
1974408,1306782,127,1,0,,0
1974393,1306782,349,1,0,,0
1974367,1306782,540,1,0,,0
1974406,1306782,125,1,0,,0
1974370,1306782,186,1,0,,0
1974398,1306782,355,1,0,,0
1974421,1306782,257,1,0,,0
1974415,1306782,375,1,0,,0
1974413,1306777,130,1,0,,0
1974417,1306777,131,1,0,,0
1974411,1306777,129,1,0,,0
1974423,1306777,135,1,0,,0
1974426,1306777,140,1,0,,0
1974428,1306777,141,1,0,,0
1974429,1306777,142,1,0,,0
1974431,1306777,144,1,0,,0
1974439,1306777,153,1,0,,0
1974433,1306777,145,1,0,,0
1974434,1306777,146,1,0,,0
1974436,1306777,150,1,0,,0
1974444,1306777,156,1,0,,0
1974430,1306777,143,1,0,,0
1974427,1306778,140,1,0,,0
1974435,1306778,149,1,0,,0
1974424,1306778,135,1,0,,0
1974419,1306778,132,1,0,,0
1974369,1306778,301,1,0,,0
1974441,1306778,155,1,0,,0
1974414,1306778,130,1,0,,0
1974412,1306778,129,1,0,,0
1974438,1306778,151,1,0,,0
1974409,1306778,128,1,0,,0
1974404,1306778,120,1,0,,0
1974375,1306779,79,1,0,,0
1974405,1306796,368,1,0,,0
1974389,1306795,101,1,0,,0
1974366,1306806,170,1,0,,0
1974381,1306806,212,1,0,,0
1974376,1306806,203,1,0,,0
1974373,1306806,195,1,0,,0
1974440,1306807,31,1,0,,0
1974445,1306807,36,1,0,,0
1974378,1306815,86,1,0,,0
1974401,1306824,114,1,0,,0
1974390,1306829,102,1,0,,0
1974388,1306829,99,1,0,,0
1974432,1306829,144,1,0,,0
1974383,1306830,91,1,0,,0
1974397,1306830,110,1,0,,0
1974453,1306833,40,2,0,,0
1974449,1306833,36,2,0,,0
1974452,1306833,39,1,0,,0
1974448,1306833,35,2,0,,0
1974451,1306833,38,2,0,,0
1974450,1306833,37,1,0,,0
1974602,1306905,34,1,0,,0
1974603,1306905,35,2,0,,0
1974604,1306905,170,1,1,,0
1974572,1306891,35,1,0,,0
1974635,1306932,174,1,1,,0
1974510,1306856,41,1,0,,0
1974511,1306856,47,1,0,,0
1974509,1306856,,1,0,,0
1974552,1306885,101,1,0,,0
1974619,1306912,44,2,0,,0
1974625,1306912,114,1,0,,0
1974624,1306912,91,1,0,,0
1974623,1306912,55,1,0,,0
1974622,1306912,53,2,0,,0
1974620,1306912,46,1,0,,0
1974618,1306912,41,1,0,,0
1974617,1306912,40,2,0,,0
1974616,1306912,36,1,0,,0
1974615,1306912,31,1,0,,0
1974614,1306912,30,2,0,,0
1974621,1306912,48,1,0,,0
1974601,1306903,74,1,0,,0
1974600,1306903,54,1,0,,0
1974598,1306902,35,1,0,,0
1974599,1306902,36,1,0,,0
1974597,1306902,34,2,0,,0
1974505,1306855,35,1,0,,0
1974506,1306855,36,1,0,,0
1974507,1306855,37,2,0,,0
1974508,1306855,184,1,1,,0
1974502,1306854,37,9,0,,0
1974503,1306854,40,1,0,,0
1974501,1306854,36,18,0,,0
1974498,1306854,33,2,0,,0
1974499,1306854,34,12,0,,0
1974504,1306854,175,1,1,,0
1974500,1306854,35,14,0,,0
1974540,1306864,35,1,0,,0
1974541,1306864,38,1,0,,0
1974632,1306926,90,1,0,,0
1974636,1306934,32,1,0,,0
1974637,1306937,120,1,0,,0
1974648,1306939,67,2,0,,0
1974649,1306939,71,2,0,,0
1974641,1306939,51,1,0,,0
1974650,1306939,72,1,0,,0
1974651,1306939,85,2,0,,0
1974652,1306939,86,1,0,,0
1974654,1306939,98,1,0,,0
1974647,1306939,66,2,0,,0
1974653,1306939,91,1,0,,0
1974645,1306939,64,1,0,,0
1974644,1306939,61,2,0,,0
1974642,1306939,55,2,0,,0
1974643,1306939,60,1,0,,0
1974640,1306939,50,1,0,,0
1974639,1306939,45,1,0,,0
1974638,1306939,,1,0,,0
1974646,1306939,65,3,0,,0
1974656,1306940,40,1,0,,0
1974657,1306940,46,1,0,,0
1974655,1306940,22,1,0,,0
1974592,1306895,116,1,0,,0
1974596,1306895,171,1,0,,0
1974595,1306895,125,1,0,,0
1974593,1306895,118,1,0,,0
1974591,1306895,113,1,0,,0
1974590,1306895,88,1,0,,0
1974589,1306895,64,1,0,,0
1974588,1306895,48,1,0,,0
1974587,1306895,45,1,0,,0
1974585,1306895,41,1,0,,0
1974584,1306895,40,2,0,,0
1974583,1306895,38,4,0,,0
1974582,1306895,36,1,0,,0
1974581,1306895,34,1,0,,0
1974577,1306895,25,1,0,,0
1974580,1306895,33,1,0,,0
1974594,1306895,123,1,0,,0
1974579,1306895,32,1,0,,0
1974578,1306895,31,1,0,,0
1974586,1306895,42,1,0,,0
1974532,1306858,33,2,0,,0
1974535,1306858,36,4,0,,0
1974533,1306858,34,2,0,,0
1974531,1306858,,1,0,,0
1974534,1306858,35,6,0,,0
1974495,1306851,85,1,0,,0
1974496,1306851,86,1,0,,0
1974497,1306851,89,1,0,,0
1974547,1306881,68,1,0,,0
1974548,1306881,74,1,0,,0
1974545,1306881,55,1,0,,0
1974544,1306881,40,1,0,,0
1974549,1306881,86,1,0,,0
1974546,1306881,60,1,0,,0
1974476,1306839,48,1,0,,0
1974477,1306839,188,1,0,,0
1974475,1306837,113,1,0,,0
1974550,1306883,136,1,0,,0
1974551,1306883,188,1,0,,0
1974494,1306850,131,1,0,,0
1974574,1306894,54,1,0,,0
1974575,1306894,77,1,0,,0
1974573,1306894,48,1,0,,0
1974576,1306894,85,1,0,,0
1974570,1306887,94,1,0,,0
1974564,1306887,60,1,0,,0
1974565,1306887,63,1,0,,0
1974566,1306887,65,1,0,,0
1974567,1306887,70,1,0,,0
1974563,1306887,59,1,0,,0
1974569,1306887,80,2,0,,0
1974559,1306887,55,4,0,,0
1974571,1306887,120,1,0,,0
1974568,1306887,74,1,0,,0
1974562,1306887,58,1,0,,0
1974560,1306887,56,1,0,,0
1974558,1306887,52,1,0,,0
1974557,1306887,50,2,0,,0
1974556,1306887,47,1,0,,0
1974555,1306887,46,1,0,,0
1974554,1306887,44,1,0,,0
1974553,1306887,35,1,0,,0
1974561,1306887,57,1,0,,0
1974629,1306916,210,1,0,,0
1974628,1306914,327,1,0,,0
1974626,1306914,50,1,0,,0
1974627,1306914,100,1,0,,0
1974613,1306911,37,2,0,,0
1974610,1306911,33,2,0,,0
1974611,1306911,34,5,0,,0
1974612,1306911,35,4,0,,0
1974467,1306834,75,1,0,,0
1974471,1306834,140,1,0,,0
1974470,1306834,120,1,0,,0
1974468,1306834,85,1,0,,0
1974466,1306834,60,1,0,,0
1974465,1306834,52,1,0,,0
1974464,1306834,50,2,0,,0
1974463,1306834,45,1,0,,0
1974461,1306834,43,1,0,,0
1974460,1306834,42,3,0,,0
1974459,1306834,40,1,0,,0
1974458,1306834,36,2,0,,0
1974457,1306834,35,1,0,,0
1974456,1306834,34,2,0,,0
1974455,1306834,32,1,0,,0
1974454,1306834,28,1,0,,0
1974469,1306834,94,1,0,,0
1974462,1306834,44,2,0,,0
1974473,1306835,70,2,0,,0
1974474,1306835,105,1,0,,0
1974472,1306835,67,1,0,,0
1974605,1306907,38,1,0,,0
1974606,1306907,134,1,0,,0
1974607,1306907,136,1,0,,0
1974608,1306908,34,1,0,,0
1974609,1306908,35,1,0,,0
1974630,1306922,125,1,0,,0
1974633,1306930,36,1,0,,0
1974634,1306930,38,1,0,,0
1974631,1306925,126,1,0,,0
1974538,1306863,31,1,0,,0
1974539,1306863,33,1,0,,0
1974536,1306860,40,1,0,,0
1974537,1306860,64,1,0,,0
1974522,1306857,42,1,0,,0
1974529,1306857,60,1,0,,0
1974528,1306857,52,3,0,,0
1974527,1306857,49,1,0,,0
1974526,1306857,48,1,0,,0
1974525,1306857,47,1,0,,0
1974524,1306857,46,1,0,,0
1974523,1306857,44,1,0,,0
1974530,1306857,62,1,0,,0
1974520,1306857,40,1,0,,0
1974519,1306857,39,1,0,,0
1974518,1306857,38,1,0,,0
1974517,1306857,37,2,0,,0
1974516,1306857,36,2,0,,0
1974515,1306857,35,1,0,,0
1974514,1306857,34,1,0,,0
1974513,1306857,31,2,0,,0
1974512,1306857,,1,0,,0
1974521,1306857,41,2,0,,0
1974543,1306878,123,1,0,,0
1974542,1306868,100,1,0,,0
1974478,1306840,54,1,0,,0
1974479,1306840,68,1,0,,0
1974491,1306842,97,1,0,,0
1974490,1306842,89,1,0,,0
1974487,1306842,72,2,0,,0
1974489,1306842,78,2,0,,0
1974481,1306842,64,1,0,,0
1974488,1306842,76,1,0,,0
1974485,1306842,69,2,0,,0
1974484,1306842,68,1,0,,0
1974482,1306842,66,1,0,,0
1974480,1306842,58,1,0,,0
1974483,1306842,67,2,0,,0
1974486,1306842,70,2,0,,0
1974492,1306847,86,1,0,,0
1974493,1306847,88,1,0,,0
1974766,1306987,168,1,1,,0
1974765,1306987,36,2,0,,0
1974732,1306972,35,1,0,,0
1974767,1306991,34,1,0,,0
1974791,1307020,37,1,0,,0
1974795,1307020,50,1,0,,0
1974794,1307020,47,1,0,,0
1974790,1307020,36,1,0,,0
1974793,1307020,45,1,0,,0
1974792,1307020,43,1,0,,0
1974771,1306996,34,1,0,,0
1974772,1306996,35,1,0,,0
1974683,1306956,137,1,0,,0
1974684,1306956,160,1,0,,0
1974818,1307028,120,1,0,,0
1974819,1307028,148,1,0,,0
1974734,1306975,148,1,0,,0
1974735,1306977,32,1,0,,0
1974736,1306977,62,1,0,,0
1974737,1306977,65,1,0,,0
1974738,1306977,75,1,0,,0
1974739,1306977,84,1,0,,0
1974678,1306947,60,1,0,,0
1974703,1306963,34,1,0,,0
1974704,1306963,35,3,0,,0
1974705,1306963,36,2,0,,0
1974706,1306963,37,2,0,,0
1974725,1306967,80,2,0,,0
1974731,1306967,95,1,0,,0
1974730,1306967,90,1,0,,0
1974729,1306967,88,1,0,,0
1974728,1306967,85,1,0,,0
1974726,1306967,81,1,0,,0
1974724,1306967,78,1,0,,0
1974723,1306967,76,1,0,,0
1974721,1306967,70,1,0,,0
1974727,1306967,82,1,0,,0
1974720,1306967,65,2,0,,0
1974719,1306967,60,1,0,,0
1974718,1306967,58,3,0,,0
1974717,1306967,55,2,0,,0
1974716,1306967,54,2,0,,0
1974715,1306967,52,1,0,,0
1974722,1306967,75,2,0,,0
1974768,1306993,40,1,0,,0
1974769,1306993,65,1,0,,0
1974770,1306993,141,1,0,,0
1974764,1306984,28,1,0,,0
1974783,1307009,33,1,0,,0
1974786,1307009,47,1,0,,0
1974784,1307009,35,2,0,,0
1974782,1307009,30,1,0,,0
1974781,1307009,27,1,0,,0
1974780,1307009,25,1,0,,0
1974779,1307009,24,1,0,,0
1974785,1307009,36,1,0,,0
1974800,1307024,42,1,0,,0
1974804,1307024,135,1,0,,0
1974803,1307024,110,1,0,,0
1974801,1307024,44,1,0,,0
1974799,1307024,40,3,0,,0
1974798,1307024,37,1,0,,0
1974797,1307024,36,1,0,,0
1974796,1307024,30,1,0,,0
1974802,1307024,50,2,0,,0
1974787,1307012,28,1,0,,0
1974831,1307034,41,1,0,,0
1974827,1307034,34,8,0,,0
1974828,1307034,35,7,0,,0
1974829,1307034,36,5,0,,0
1974830,1307034,37,5,0,,0
1974826,1307034,33,1,0,,0
1974711,1306966,33,1,0,,0
1974712,1306966,34,4,0,,0
1974713,1306966,35,2,0,,0
1974714,1306966,36,2,0,,0
1974807,1307025,35,1,0,,0
1974813,1307025,52,1,0,,0
1974812,1307025,49,1,0,,0
1974814,1307025,53,1,0,,0
1974811,1307025,48,1,0,,0
1974808,1307025,41,1,0,,0
1974806,1307025,34,1,0,,0
1974805,1307025,24,1,0,,0
1974809,1307025,45,1,0,,0
1974810,1307025,47,1,0,,0
1974788,1307017,47,1,0,,0
1974777,1307000,200,1,0,,0
1974776,1307000,140,1,0,,0
1974763,1306981,29,1,0,,0
1974745,1306979,59,1,0,,0
1974744,1306979,56,1,0,,0
1974743,1306979,42,1,0,,0
1974742,1306979,32,1,0,,0
1974733,1306973,105,1,0,,0
1974701,1306961,85,1,0,,0
1974695,1306961,71,1,0,,0
1974696,1306961,74,1,0,,0
1974697,1306961,75,2,0,,0
1974698,1306961,77,1,0,,0
1974700,1306961,81,1,0,,0
1974692,1306961,65,2,0,,0
1974702,1306961,120,1,0,,0
1974699,1306961,78,1,0,,0
1974693,1306961,68,1,0,,0
1974691,1306961,64,1,0,,0
1974690,1306961,62,2,0,,0
1974689,1306961,50,2,0,,0
1974688,1306961,49,1,0,,0
1974687,1306961,46,1,0,,0
1974686,1306961,41,1,0,,0
1974685,1306961,39,1,0,,0
1974694,1306961,70,3,0,,0
1974820,1307029,48,1,0,,0
1974824,1307033,36,7,0,,0
1974825,1307033,37,2,0,,0
1974822,1307033,34,5,0,,0
1974821,1307033,33,1,0,,0
1974823,1307033,35,9,0,,0
1974677,1306946,25,1,0,,0
1974676,1306946,20,1,0,,0
1974834,1307035,36,1,0,,0
1974832,1307035,34,1,0,,0
1974833,1307035,35,1,0,,0
1974741,1306978,36,2,0,,0
1974740,1306978,34,1,0,,0
1974789,1307018,35,2,0,,0
1974815,1307027,135,1,0,,0
1974816,1307027,140,1,0,,0
1974817,1307027,224,1,0,,0
1974774,1306999,34,2,0,,0
1974775,1306999,35,2,0,,0
1974773,1306999,33,1,0,,0
1974778,1307008,30,1,0,,0
1974758,1306980,83,1,0,,0
1974762,1306980,95,1,0,,0
1974761,1306980,90,1,0,,0
1974759,1306980,84,1,0,,0
1974757,1306980,82,1,0,,0
1974756,1306980,78,1,0,,0
1974755,1306980,76,1,0,,0
1974754,1306980,75,2,0,,0
1974752,1306980,72,1,0,,0
1974751,1306980,71,1,0,,0
1974750,1306980,65,2,0,,0
1974749,1306980,64,1,0,,0
1974748,1306980,50,4,0,,0
1974747,1306980,45,1,0,,0
1974746,1306980,40,1,0,,0
1974760,1306980,85,3,0,,0
1974753,1306980,73,1,0,,0
1974707,1306964,58,1,0,,0
1974710,1306964,78,1,0,,0
1974709,1306964,66,1,0,,0
1974708,1306964,63,2,0,,0
1974835,1307036,90,1,0,,0
1974836,1307036,97,1,0,,0
1974837,1307036,99,1,0,,0
1974838,1307036,119,1,0,,0
1974840,1307037,60,1,0,,0
1974839,1307037,50,1,0,,0
1974661,1306945,36,3,0,,0
1974668,1306945,48,1,0,,0
1974674,1306945,121,1,0,,0
1974673,1306945,100,1,0,,0
1974672,1306945,85,1,0,,0
1974671,1306945,54,2,0,,0
1974670,1306945,51,3,0,,0
1974669,1306945,50,1,0,,0
1974675,1306945,140,1,0,,0
1974667,1306945,46,1,0,,0
1974666,1306945,44,1,0,,0
1974665,1306945,42,1,0,,0
1974664,1306945,40,2,0,,0
1974662,1306945,38,1,0,,0
1974660,1306945,34,1,0,,0
1974659,1306945,32,1,0,,0
1974658,1306945,30,1,0,,0
1974663,1306945,39,1,0,,0
1974680,1306953,193,1,0,,0
1974679,1306953,72,1,0,,0
1974681,1306955,23,1,0,,0
1974682,1306955,40,1,0,,0
1975440,1307560,148,1,0,,0
1975441,1307561,27,1,0,,0
1975439,1307565,54,1,0,,0
1975496,1307615,37,1,0,,0
1975494,1307613,38,1,0,,0
1975560,1307653,35,1,0,,0
1975514,1307634,47,1,0,,0
1975448,1307584,46,1,0,,0
1975455,1307593,44,1,0,,0
1975499,1307619,61,1,0,,0
1975504,1307619,81,1,0,,0
1975503,1307619,79,1,0,,0
1975502,1307619,78,1,0,,0
1975500,1307619,66,1,0,,0
1975501,1307619,69,1,0,,0
1975505,1307620,51,1,0,,0
1975506,1307620,59,1,0,,0
1975507,1307620,63,1,0,,0
1975508,1307620,70,1,0,,0
1975578,1307656,52,1,0,,0
1975585,1307656,107,1,0,,0
1975584,1307656,102,1,0,,0
1975583,1307656,96,1,0,,0
1975580,1307656,55,2,0,,0
1975581,1307656,56,1,0,,0
1975586,1307656,128,1,0,,0
1975579,1307656,54,1,0,,0
1975576,1307656,50,1,0,,0
1975575,1307656,48,1,0,,0
1975574,1307656,44,3,0,,0
1975573,1307656,43,2,0,,0
1975572,1307656,40,2,0,,0
1975571,1307656,39,1,0,,0
1975570,1307656,38,1,0,,0
1975569,1307656,37,2,0,,0
1975582,1307656,86,1,0,,0
1975577,1307656,51,1,0,,0
1975589,1307662,249,1,1,,0
1975590,1307663,86,1,0,,0
1975559,1307649,135,1,0,,0
1975481,1307608,61,1,0,,0
1975453,1307590,130,1,0,,0
1975509,1307626,154,1,0,,0
1975497,1307616,138,1,0,,0
1975498,1307616,158,1,0,,0
1975524,1307642,28,1,0,,0
1975516,1307637,196,1,0,,0
1975527,1307644,52,1,0,,0
1975528,1307644,118,1,0,,0
1975526,1307644,48,1,0,,0
1975530,1307645,49,1,0,,0
1975547,1307645,83,1,0,,0
1975540,1307645,71,1,0,,0
1975546,1307645,82,1,0,,0
1975548,1307645,86,1,0,,0
1975545,1307645,81,1,0,,0
1975544,1307645,76,1,0,,0
1975543,1307645,74,2,0,,0
1975542,1307645,73,2,0,,0
1975541,1307645,72,1,0,,0
1975529,1307645,46,1,0,,0
1975532,1307645,55,2,0,,0
1975539,1307645,70,2,0,,0
1975531,1307645,51,1,0,,0
1975533,1307645,64,1,0,,0
1975534,1307645,65,1,0,,0
1975535,1307645,66,1,0,,0
1975536,1307645,67,1,0,,0
1975537,1307645,68,1,0,,0
1975538,1307645,69,1,0,,0
1975550,1307646,120,1,0,,0
1975551,1307646,123,1,0,,0
1975552,1307646,125,1,0,,0
1975553,1307646,129,3,0,,0
1975554,1307646,140,1,0,,0
1975555,1307646,147,1,0,,0
1975556,1307646,312,1,0,,0
1975549,1307646,114,1,0,,0
1975515,1307635,74,1,0,,0
1975449,1307587,23,1,0,,0
1975450,1307587,34,1,0,,0
1975513,1307630,73,1,0,,0
1975512,1307630,67,1,0,,0
1975511,1307630,62,1,0,,0
1975510,1307630,51,1,0,,0
1975458,1307598,47,1,0,,0
1975459,1307598,133,1,0,,0
1975451,1307589,36,1,0,,0
1975452,1307589,40,1,0,,0
1975479,1307600,225,1,0,,0
1975472,1307600,129,1,0,,0
1975473,1307600,142,1,0,,0
1975474,1307600,146,2,0,,0
1975475,1307600,150,2,0,,0
1975476,1307600,155,1,0,,0
1975478,1307600,222,1,0,,0
1975480,1307600,240,1,0,,0
1975463,1307600,96,1,0,,0
1975471,1307600,120,1,0,,0
1975477,1307600,179,1,0,,0
1975462,1307600,94,1,0,,0
1975460,1307600,83,1,0,,0
1975465,1307600,100,1,0,,0
1975461,1307600,89,1,0,,0
1975470,1307600,115,2,0,,0
1975464,1307600,99,1,0,,0
1975466,1307600,106,1,0,,0
1975467,1307600,110,1,0,,0
1975468,1307600,111,1,0,,0
1975469,1307600,113,1,0,,0
1975489,1307611,39,1,0,,0
1975493,1307611,54,1,0,,0
1975492,1307611,47,1,0,,0
1975491,1307611,44,1,0,,0
1975488,1307611,38,1,0,,0
1975487,1307611,37,1,0,,0
1975483,1307611,22,1,0,,0
1975486,1307611,36,1,0,,0
1975485,1307611,35,2,0,,0
1975484,1307611,34,1,0,,0
1975490,1307611,41,1,0,,0
1975599,1307665,140,1,0,,0
1975606,1307665,172,1,0,,0
1975605,1307665,168,1,0,,0
1975604,1307665,157,1,0,,0
1975603,1307665,152,1,0,,0
1975602,1307665,147,1,0,,0
1975607,1307665,183,1,0,,0
1975600,1307665,142,1,0,,0
1975591,1307665,120,1,0,,0
1975597,1307665,136,2,0,,0
1975596,1307665,135,3,0,,0
1975595,1307665,134,1,0,,0
1975594,1307665,132,2,0,,0
1975593,1307665,128,2,0,,0
1975592,1307665,122,1,0,,0
1975601,1307665,146,2,0,,0
1975598,1307665,138,2,0,,0
1975445,1307578,30,1,0,,0
1975446,1307578,35,1,0,,0
1975447,1307578,185,1,1,,0
1975442,1307571,58,1,0,,0
1975617,1307667,51,1,0,,0
1975618,1307667,54,1,0,,0
1975619,1307667,63,1,0,,0
1975616,1307667,50,2,0,,0
1975621,1307667,115,1,0,,0
1975610,1307667,40,3,0,,0
1975620,1307667,112,1,0,,0
1975615,1307667,48,3,0,,0
1975614,1307667,45,4,0,,0
1975613,1307667,44,1,0,,0
1975611,1307667,42,1,0,,0
1975609,1307667,38,1,0,,0
1975608,1307667,35,1,0,,0
1975622,1307667,135,1,0,,0
1975612,1307667,43,2,0,,0
1975587,1307658,25,1,0,,0
1975588,1307660,37,1,0,,0
1975495,1307614,28,1,0,,0
1975482,1307610,75,1,0,,0
1975454,1307591,49,1,0,,0
1975457,1307594,53,1,0,,0
1975456,1307594,52,1,0,,0
1975566,1307654,88,1,0,,0
1975567,1307654,98,1,0,,0
1975565,1307654,85,1,0,,0
1975564,1307654,80,2,0,,0
1975563,1307654,78,2,0,,0
1975562,1307654,75,2,0,,0
1975561,1307654,65,1,0,,0
1975568,1307654,120,1,0,,0
1975517,1307638,130,1,0,,0
1975518,1307638,140,1,0,,0
1975519,1307638,150,1,0,,0
1975520,1307638,162,1,0,,0
1975521,1307638,184,1,0,,0
1975522,1307638,190,1,0,,0
1975523,1307638,200,1,0,,0
1975525,1307643,62,1,0,,0
1975557,1307647,35,1,0,,0
1975558,1307647,37,1,0,,0
1975443,1307575,33,1,0,,0
1975444,1307575,145,1,1,,0
1975632,1307669,106,1,0,,0
1975635,1307669,134,1,0,,0
1975633,1307669,111,1,0,,0
1975626,1307671,61,1,0,,0
1975625,1307673,182,1,0,,0
1975623,1307676,47,1,0,,0
1975639,1307679,155,1,0,,0
1975637,1307679,149,1,0,,0
1975638,1307681,149,1,0,,0
1975634,1307681,130,1,0,,0
1975627,1307682,186,1,0,,0
1975630,1307683,89,1,0,,0
1975629,1307683,88,1,0,,0
1975640,1307689,163,1,0,,0
1975628,1307690,197,1,0,,0
1975631,1307694,215,1,0,,0
1975636,1307695,26,1,0,,0
1975641,1307696,166,1,0,,0
1975624,1307696,177,1,0,,0
1975670,1307717,37,1,0,,0
1975671,1307717,118,1,1,,0
1975672,1307717,152,1,1,,0
1975716,1307768,108,1,0,,0
1975722,1307768,162,1,0,,0
1975721,1307768,159,1,0,,0
1975720,1307768,145,1,0,,0
1975719,1307768,135,1,0,,0
1975718,1307768,134,1,0,,0
1975717,1307768,121,1,0,,0
1975715,1307768,106,1,0,,0
1975714,1307768,54,1,0,,0
1975713,1307768,50,1,0,,0
1975712,1307768,49,2,0,,0
1975711,1307768,48,1,0,,0
1975710,1307768,46,3,0,,0
1975708,1307768,44,2,0,,0
1975709,1307768,45,1,0,,0
1975704,1307765,143,1,0,,0
1975705,1307765,153,1,0,,0
1975706,1307765,185,1,0,,0
1975707,1307765,200,1,0,,0
1975702,1307757,30,1,0,,0
1975687,1307728,80,1,0,,0
1975686,1307728,68,1,0,,0
1975669,1307716,31,1,0,,0
1975703,1307763,535,1,0,,0
1975724,1307771,70,1,0,,0
1975725,1307771,73,1,0,,0
1975730,1307774,43,1,0,,0
1975732,1307774,61,1,0,,0
1975731,1307774,47,2,0,,0
1975726,1307774,37,1,0,,0
1975727,1307774,38,1,0,,0
1975728,1307774,40,1,0,,0
1975729,1307774,42,1,0,,0
1975661,1307706,60,1,0,,0
1975690,1307740,36,1,0,,0
1975691,1307740,46,1,0,,0
1975692,1307740,52,1,0,,0
1975693,1307740,64,2,0,,0
1975694,1307740,74,1,0,,0
1975685,1307726,256,1,0,,0
1975684,1307726,58,1,0,,0
1975662,1307709,25,1,0,,0
1975663,1307709,29,1,0,,0
1975667,1307710,248,1,0,,0
1975664,1307710,41,1,0,,0
1975665,1307710,67,1,0,,0
1975666,1307710,145,1,0,,0
1975676,1307719,123,1,0,,0
1975677,1307719,128,1,0,,0
1975675,1307719,113,1,0,,0
1975674,1307719,90,1,0,,0
1975678,1307719,135,1,0,,0
1975679,1307724,37,1,0,,0
1975680,1307724,84,1,0,,0
1975681,1307724,94,1,0,,0
1975682,1307724,100,1,0,,0
1975683,1307724,117,1,0,,0
1975699,1307750,38,1,0,,0
1975697,1307750,36,1,0,,0
1975698,1307750,37,1,0,,0
1975700,1307752,23,1,0,,0
1975701,1307752,26,1,0,,0
1975723,1307769,43,1,0,,0
1975748,1307779,78,1,0,,0
1975751,1307779,112,1,0,,0
1975749,1307779,80,1,0,,0
1975747,1307779,76,3,0,,0
1975746,1307779,74,2,0,,0
1975745,1307779,73,1,0,,0
1975744,1307779,72,1,0,,0
1975743,1307779,71,2,0,,0
1975741,1307779,67,3,0,,0
1975740,1307779,66,1,0,,0
1975739,1307779,65,1,0,,0
1975738,1307779,54,2,0,,0
1975737,1307779,52,1,0,,0
1975736,1307779,51,1,0,,0
1975735,1307779,29,1,0,,0
1975750,1307779,108,1,0,,0
1975742,1307779,69,1,0,,0
1975652,1307702,44,2,0,,0
1975653,1307702,46,3,0,,0
1975654,1307702,50,1,0,,0
1975655,1307702,51,2,0,,0
1975656,1307702,55,1,0,,0
1975657,1307702,56,1,0,,0
1975658,1307702,58,1,0,,0
1975651,1307702,43,1,0,,0
1975659,1307702,60,1,0,,0
1975642,1307702,28,1,0,,0
1975650,1307702,42,2,0,,0
1975643,1307702,32,1,0,,0
1975644,1307702,34,1,0,,0
1975645,1307702,35,1,0,,0
1975646,1307702,38,1,0,,0
1975647,1307702,39,2,0,,0
1975648,1307702,40,1,0,,0
1975649,1307702,41,1,0,,0
1975752,1307782,36,1,0,,0
1975753,1307782,193,1,1,,0
1975688,1307735,120,1,0,,0
1975689,1307735,125,1,0,,0
1975673,1307718,180,1,0,,0
1975668,1307712,65,1,0,,0
1975733,1307776,167,1,1,,0
1975734,1307778,81,1,0,,0
1975695,1307747,39,1,0,,0
1975696,1307747,55,1,0,,0
1975660,1307703,171,1,1,,0
1975754,1307785,66,1,0,,0
1975755,1307785,77,1,0,,0
1975757,1307793,83,1,0,,0
1975784,1307806,44,3,0,,0
1975787,1307806,50,1,0,,0
1975786,1307806,46,1,0,,0
1975785,1307806,45,1,0,,0
1975783,1307806,43,1,0,,0
1975782,1307806,42,1,0,,0
1975780,1307806,33,1,0,,0
1975781,1307806,34,2,0,,0
1975844,1307840,51,1,0,,0
1975845,1307840,66,1,0,,0
1975850,1307843,49,1,0,,0
1975756,1307792,37,1,0,,0
1975846,1307841,39,1,0,,0
1975847,1307841,41,1,0,,0
1975848,1307841,43,1,0,,0
1975849,1307841,47,1,0,,0
1975837,1307836,80,1,0,,0
1975841,1307836,90,1,0,,0
1975840,1307836,87,1,0,,0
1975832,1307836,70,3,0,,0
1975839,1307836,84,2,0,,0
1975842,1307836,95,1,0,,0
1975838,1307836,81,1,0,,0
1975836,1307836,76,1,0,,0
1975835,1307836,75,2,0,,0
1975833,1307836,71,1,0,,0
1975831,1307836,69,1,0,,0
1975830,1307836,68,1,0,,0
1975834,1307836,72,1,0,,0
1975826,1307833,168,1,0,,0
1975758,1307800,108,1,0,,0
1975793,1307813,185,1,1,,0
1975759,1307802,221,1,0,,0
1975803,1307820,111,1,0,,0
1975804,1307820,133,1,0,,0
1975802,1307820,107,1,0,,0
1975801,1307820,95,1,0,,0
1975800,1307820,51,2,0,,0
1975798,1307820,46,3,0,,0
1975797,1307820,45,1,0,,0
1975796,1307820,43,1,0,,0
1975795,1307820,42,2,0,,0
1975794,1307820,21,1,0,,0
1975799,1307820,48,1,0,,0
1975805,1307821,54,1,0,,0
1975767,1307803,54,1,0,,0
1975774,1307803,111,1,0,,0
1975773,1307803,65,1,0,,0
1975772,1307803,60,1,0,,0
1975771,1307803,58,1,0,,0
1975770,1307803,57,1,0,,0
1975775,1307803,126,1,0,,0
1975768,1307803,55,2,0,,0
1975769,1307803,56,1,0,,0
1975765,1307803,46,2,0,,0
1975764,1307803,45,3,0,,0
1975763,1307803,43,1,0,,0
1975762,1307803,42,2,0,,0
1975761,1307803,40,3,0,,0
1975760,1307803,39,1,0,,0
1975766,1307803,50,2,0,,0
1975778,1307804,64,1,0,,0
1975776,1307804,50,1,0,,0
1975779,1307804,90,1,0,,0
1975777,1307804,56,1,0,,0
1975788,1307808,179,1,0,,0
1975789,1307808,225,1,0,,0
1975791,1307812,142,1,0,,0
1975792,1307812,182,1,0,,0
1975790,1307810,234,1,0,,0
1975828,1307835,26,1,0,,0
1975829,1307835,28,2,0,,0
1975823,1307825,96,1,0,,0
1975817,1307825,78,1,0,,0
1975818,1307825,80,1,0,,0
1975819,1307825,81,1,0,,0
1975820,1307825,84,1,0,,0
1975824,1307825,102,1,0,,0
1975821,1307825,85,1,0,,0
1975822,1307825,87,1,0,,0
1975816,1307825,75,2,0,,0
1975808,1307825,63,1,0,,0
1975814,1307825,71,2,0,,0
1975813,1307825,70,1,0,,0
1975812,1307825,69,1,0,,0
1975811,1307825,68,2,0,,0
1975809,1307825,65,1,0,,0
1975807,1307825,59,1,0,,0
1975806,1307825,54,1,0,,0
1975810,1307825,67,2,0,,0
1975815,1307825,74,2,0,,0
1975825,1307830,185,1,0,,0
1975827,1307834,218,1,1,,0
1975843,1307838,163,1,1,,0
