FACILITY,SampleDate,Time,BuildingCode,SPCODE,LGT,ADCLIP,CATCH,SALVAGE,sLoss
2,"2024-12-17","18:00","F",2,212,"C",1,4,2.72
1,"2024-12-18","15:00","NS",2,234,"N",1,4,17.32
2,"2024-12-26","08:00","F",2,190,"C",1,4,2.72
2,"2024-12-31","10:00","F",2,243,"C",1,4,2.72
2,"2025-01-06","14:00","F",2,222,"C",1,4,2.72
2,"2025-01-09","16:00","F",2,235,"C",1,4,2.72
1,"2025-01-11","07:00","OS",2,227,"C",1,4,17.32
2,"2025-01-14","12:00","F",2,231,"C",1,4,2.72
2,"2025-01-16","23:59","F",2,228,"C",1,4,2.72
2,"2025-01-18","20:00","F",2,195,"C",1,4,2.72
2,"2025-01-19","23:59","F",2,222,"C",1,4,2.72
2,"2025-01-22","12:00","F",2,220,"C",1,4,2.72
2,"2025-01-29","20:00","F",2,232,"C",1,4,2.72
2,"2025-02-02","02:00","F",2,215,"C",1,4,2.72
2,"2025-02-04","02:00","F",2,260,"N",1,4,2.72
2,"2025-02-04","12:00","F",2,212,"C",1,4,2.72
1,"2025-02-05","11:00","OS",2,258,"C",1,4,17.32
1,"2025-02-05","13:00","OS",2,299,"N",1,2,8.66
2,"2025-02-05","10:00","F",2,212,"C",1,4,2.72
2,"2025-02-05","16:00","F",2,250,"C",1,4,2.72
1,"2025-02-06","11:00","NS",2,285,"N",1,4,17.32
1,"2025-02-06","14:00","NS",2,220,"C",1,2,8.66
2,"2025-02-06","08:00","F",2,248,"C",1,4,2.72
1,"2025-02-07","11:00","NS",2,247,"C",1,2,8.66
1,"2025-02-09","10:00","NS",2,197,"C",1,2,8.66
2,"2025-02-07","22:00","F",2,204,"C",1,4,2.72
2,"2025-02-07","16:00","F",2,216,"N",1,4,2.72
2,"2025-02-07","18:00","F",2,253,"N",1,4,2.72
2,"2025-02-07","12:00","F",2,240,"C",1,4,2.72
2,"2025-02-08","22:00","F",2,250,"C",1,4,2.72
2,"2025-02-08","16:00","F",2,223,"C",1,4,2.72
2,"2025-02-08","16:00","F",2,230,"C",1,4,2.72
2,"2025-02-08","16:00","F",2,253,"C",1,4,2.72
2,"2025-02-08","10:00","F",2,226,"C",1,4,2.72
2,"2025-02-08","12:00","F",2,230,"C",1,4,2.72
2,"2025-02-08","18:00","F",2,250,"N",1,4,2.72
2,"2025-02-08","14:00","F",2,235,"C",1,4,2.72
2,"2025-02-08","06:00","F",2,260,"N",1,4,2.72
2,"2025-02-09","06:00","F",2,255,"C",1,4,2.72
2,"2025-02-10","16:00","F",2,223,"C",1,4,2.72
2,"2025-02-10","16:00","F",2,226,"C",1,4,2.72
2,"2025-02-10","16:00","F",2,245,"C",1,4,2.72
2,"2025-02-11","20:00","F",2,215,"C",1,4,2.72
2,"2025-02-12","12:00","F",2,224,"C",1,4,2.72
2,"2025-02-13","22:00","F",2,221,"C",1,4,2.72
1,"2025-02-14","11:00","OS",2,227,"C",1,4,17.32
1,"2025-02-17","09:00","NS",2,255,"C",1,4,17.32
1,"2025-02-17","13:00","NS",2,240,"N",1,4,17.32
2,"2025-02-14","12:00","F",2,185,"C",1,4,2.72
2,"2025-02-14","20:00","F",2,241,"C",1,4,2.72
2,"2025-02-14","16:00","F",2,262,"N",1,4,2.72
2,"2025-02-15","14:00","F",2,235,"C",1,4,2.72
2,"2025-02-15","14:00","F",2,262,"C",1,4,2.72
2,"2025-02-15","12:00","F",2,263,"N",1,4,2.72
2,"2025-02-15","18:00","F",2,260,"C",1,4,2.72
2,"2025-02-16","18:00","F",2,245,"C",1,4,2.72
2,"2025-02-16","18:00","F",2,252,"C",1,4,2.72
2,"2025-02-16","23:59","F",2,224,"N",1,4,2.72
2,"2025-02-16","23:59","F",2,243,"C",1,4,2.72
2,"2025-02-16","23:59","F",2,255,"C",1,4,2.72
2,"2025-02-16","23:59","F",2,277,"C",1,4,2.72
2,"2025-02-16","14:00","F",2,227,"N",1,4,2.72
2,"2025-02-16","04:00","F",2,248,"C",1,4,2.72
2,"2025-02-16","16:00","F",2,268,"N",1,4,2.72
2,"2025-02-16","12:00","F",2,271,"C",1,4,2.72
2,"2025-02-17","06:00","F",2,255,"N",1,4,2.72
2,"2025-02-17","08:00","F",2,252,"N",1,4,2.72
2,"2025-02-17","08:00","F",2,295,"N",1,4,2.72
2,"2025-02-17","16:00","F",2,223,"N",1,4,2.72
2,"2025-02-17","16:00","F",2,225,"C",1,4,2.72
2,"2025-02-17","16:00","F",2,237,"C",1,4,2.72
2,"2025-02-17","14:00","F",2,223,"C",1,4,2.72
2,"2025-02-17","20:00","F",2,227,"C",1,4,2.72
1,"2025-02-18","11:00","NS",2,267,"C",1,4,17.32
1,"2025-02-18","13:00","NS",2,295,"C",1,4,17.32
2,"2025-02-18","18:00","F",2,238,"N",1,4,2.72
2,"2025-02-18","18:00","F",2,240,"C",1,4,2.72
2,"2025-02-18","20:00","F",2,264,"C",1,4,2.72
2,"2025-02-18","14:00","F",2,280,"N",1,4,2.72
2,"2025-02-18","16:00","F",2,219,"C",1,4,2.72
1,"2025-02-19","09:00","NS",2,256,"C",1,2,8.66
1,"2025-02-19","09:00","NS",2,263,"C",1,2,8.66
2,"2025-02-19","08:00","F",2,251,"C",1,4,2.72
2,"2025-02-19","10:00","F",2,264,"N",1,4,2.72
1,"2025-02-20","07:00","NS",2,267,"C",1,4,17.32
1,"2025-02-20","07:00","NS",2,249,"C",1,4,17.32
1,"2025-02-20","09:00","NS",2,263,"C",1,2,8.66
1,"2025-02-20","13:00","NS",2,259,"C",1,4,17.32
1,"2025-02-20","13:00","NS",2,223,"N",1,4,17.32
2,"2025-02-20","10:00","F",2,240,"C",1,4,2.72
2,"2025-02-20","12:00","F",2,254,"C",1,4,2.72
2,"2025-02-20","18:00","F",2,253,"C",1,4,2.72
1,"2025-02-21","07:00","NS",2,241,"C",1,4,17.32
1,"2025-02-21","15:00","NS",2,233,"C",1,4,17.32
1,"2025-02-22","03:00","NS",2,259,"C",1,4,17.32
1,"2025-02-22","05:00","NS",2,266,"C",1,4,17.32
1,"2025-02-22","15:00","NS",2,275,"C",1,4,17.32
1,"2025-02-23","23:00","NS",2,249,"C",1,4,17.32
2,"2025-02-21","08:00","F",2,264,"C",1,4,2.72
2,"2025-02-21","20:00","F",2,251,"C",1,4,2.72
2,"2025-02-21","22:00","F",2,238,"C",1,3.5,2.38
2,"2025-02-21","16:00","F",2,283,"C",1,4,2.72
2,"2025-02-21","18:00","F",2,252,"C",1,4,2.72
2,"2025-02-21","18:00","F",2,263,"C",1,4,2.72
2,"2025-02-21","23:59","F",2,218,"C",1,1.333333373069763,0.90666644
2,"2025-02-21","23:59","F",2,243,"C",1,1.333333373069763,0.90666644
2,"2025-02-22","20:00","F",2,233,"C",1,4,2.72
2,"2025-02-22","12:00","F",2,215,"C",1,4,2.72
2,"2025-02-22","12:00","F",2,249,"C",1,4,2.72
2,"2025-02-22","12:00","F",2,261,"N",1,4,2.72
2,"2025-02-22","10:00","F",2,268,"C",1,4,2.72
2,"2025-02-22","14:00","F",2,222,"C",1,4,2.72
2,"2025-02-22","18:00","F",2,216,"N",1,4,2.72
2,"2025-02-22","18:00","F",2,246,"C",1,4,2.72
2,"2025-02-22","18:00","F",2,269,"C",1,4,2.72
2,"2025-02-22","18:00","F",2,279,"C",1,4,2.72
2,"2025-02-22","18:00","F",2,312,"N",1,4,2.72
2,"2025-02-23","20:00","F",2,254,"C",1,4,2.72
2,"2025-02-23","20:00","F",2,264,"C",1,4,2.72
2,"2025-02-23","22:00","F",2,268,"C",1,4,2.72
2,"2025-02-23","14:00","F",2,251,"C",1,4,2.72
2,"2025-02-23","14:00","F",2,268,"C",1,4,2.72
2,"2025-02-23","14:00","F",2,277,"C",1,4,2.72
2,"2025-02-23","18:00","F",2,268,"C",1,4,2.72
1,"2025-02-24","05:00","NS",2,236,"N",1,4,17.32
1,"2025-02-24","11:00","NS",2,258,"C",1,4,17.32
2,"2025-02-24","04:00","F",2,245,"C",1,4,2.72
2,"2025-02-24","04:00","F",2,246,"C",1,4,2.72
2,"2025-02-24","04:00","F",2,247,"C",1,4,2.72
2,"2025-02-24","20:00","F",2,254,"C",1,4,2.72
2,"2025-02-24","20:00","F",2,268,"C",1,4,2.72
2,"2025-02-24","22:00","F",2,230,"C",1,4,2.72
2,"2025-02-24","22:00","F",2,338,"N",1,4,2.72
2,"2025-02-24","16:00","F",2,223,"C",1,4,2.72
2,"2025-02-24","16:00","F",2,225,"C",1,4,2.72
2,"2025-02-24","06:00","F",2,253,"C",1,4,2.72
2,"2025-02-24","18:00","F",2,300,"N",1,4,2.72
1,"2025-02-25","05:00","OS",2,225,"C",1,4,17.32
1,"2025-02-25","09:00","OS",2,286,"C",1,4,17.32
1,"2025-02-25","11:00","OS",2,237,"C",1,4,17.32
2,"2025-02-25","18:00","F",2,230,"C",1,4,2.72
2,"2025-02-25","18:00","F",2,239,"C",1,4,2.72
2,"2025-02-25","18:00","F",2,270,"C",1,4,2.72
2,"2025-02-25","20:00","F",2,236,"C",1,4,2.72
2,"2025-02-25","20:00","F",2,259,"C",1,4,2.72
2,"2025-02-25","06:00","F",2,225,"C",1,4,2.72
2,"2025-02-25","22:00","F",2,254,"C",1,4,2.72
1,"2025-02-26","01:00","NS",2,266,"C",1,2,8.66
1,"2025-02-26","07:00","NS",2,267,"C",1,4,17.32
2,"2025-02-26","16:00","F",2,220,"C",1,4,2.72
2,"2025-02-26","14:00","F",2,240,"N",1,4,2.72
2,"2025-02-26","08:00","F",2,227,"C",1,4,2.72
1,"2025-02-27","11:00","NS",2,244,"C",1,4,17.32
1,"2025-02-27","13:00","NS",2,281,"C",1,4,17.32
2,"2025-02-27","12:00","F",2,276,"C",1,4,2.72
2,"2025-02-27","23:59","F",2,223,"N",1,4,2.72
2,"2025-02-27","22:00","F",2,246,"C",1,4,2.72
1,"2025-02-28","05:00","NS",2,245,"C",1,4,17.32
1,"2025-03-01","17:00","NS",2,219,"C",1,4,17.32
1,"2025-03-02","11:00","NS",2,299,"N",1,4,17.32
2,"2025-02-28","06:00","F",2,263,"C",1,4,2.72
2,"2025-02-28","06:00","F",2,287,"C",1,4,2.72
2,"2025-02-28","14:00","F",2,226,"C",1,24,16.32
2,"2025-02-28","14:00","F",2,278,"N",1,24,16.32
2,"2025-02-28","12:00","F",2,296,"C",1,4,2.72
2,"2025-03-01","06:00","F",2,235,"C",1,4,2.72
2,"2025-03-01","06:00","F",2,286,"C",1,4,2.72
2,"2025-03-01","14:00","F",2,242,"C",1,4,2.72
2,"2025-03-01","14:00","F",2,263,"N",1,4,2.72
2,"2025-03-01","14:00","F",2,266,"C",1,4,2.72
2,"2025-03-01","12:00","F",2,298,"N",1,4,2.72
2,"2025-03-01","18:00","F",2,261,"N",1,4,2.72
2,"2025-03-02","14:00","F",2,235,"C",1,4,2.72
2,"2025-03-02","18:00","F",2,277,"C",1,4,2.72
2,"2025-03-02","23:59","F",2,253,"N",1,4,2.72
2,"2025-03-02","23:59","F",2,276,"C",1,4,2.72
2,"2025-03-02","16:00","F",2,253,"C",1,4,2.72
2,"2025-03-02","16:00","F",2,276,"C",1,4,2.72
2,"2025-03-02","06:00","F",2,260,"C",1,4,2.72
2,"2025-03-02","02:00","F",2,213,"C",1,4,2.72
2,"2025-03-02","02:00","F",2,228,"C",1,4,2.72
2,"2025-03-02","02:00","F",2,273,"C",1,4,2.72
2,"2025-03-02","02:00","F",2,278,"C",1,4,2.72
1,"2025-03-03","03:00","NS",2,261,"C",1,4,17.32
1,"2025-03-03","07:00","NS",2,286,"C",1,4,17.32
1,"2025-03-03","09:00","NS",2,307,"C",1,4,17.32
1,"2025-03-03","09:00","NS",2,211,"C",1,4,17.32
1,"2025-03-03","11:00","NS",2,258,"C",1,4,17.32
2,"2025-03-03","20:00","F",2,222,"C",1,4,2.72
2,"2025-03-03","20:00","F",2,277,"C",1,4,2.72
1,"2025-03-04","07:00","NS",2,258,"C",1,4,17.32
1,"2025-03-05","05:00","NS",2,244,"C",1,4,17.32
2,"2025-03-05","14:00","F",2,250,"C",1,4,2.72
2,"2025-03-06","14:00","F",2,270,"N",1,4,2.72
1,"2025-03-07","11:00","NS",2,238,"C",1,4,17.32
1,"2025-03-09","15:00","NS",2,260,"C",1,4,17.32
2,"2025-03-07","12:00","F",2,262,"C",1,4,2.72
2,"2025-03-07","20:00","F",2,231,"C",1,4,2.72
2,"2025-03-07","20:00","F",2,245,"C",1,4,2.72
2,"2025-03-07","04:00","F",2,260,"C",1,4,2.72
2,"2025-03-07","08:00","F",2,232,"C",1,4,2.72
2,"2025-03-08","06:00","F",2,270,"C",1,4,2.72
2,"2025-03-08","18:00","F",2,269,"C",1,4,2.72
2,"2025-03-09","12:00","F",2,243,"C",1,4,2.72
2,"2025-03-09","12:00","F",2,305,"N",1,4,2.72
2,"2025-03-09","22:00","F",2,225,"N",1,4,2.72
2,"2025-03-10","10:00","F",2,261,"N",1,4,2.72
1,"2025-03-11","10:00","NS",2,236,"N",1,2,8.66
2,"2025-03-11","14:00","F",2,285,"N",1,4,2.72
2,"2025-03-11","08:00","F",2,221,"C",1,4,2.72
2,"2025-03-12","23:59","F",2,240,"C",1,4,2.72
2,"2025-03-12","18:00","F",2,244,"C",1,4,2.72
2,"2025-03-12","06:00","F",2,249,"C",1,4,2.72
2,"2025-03-12","20:00","F",2,225,"C",1,4,2.72
2,"2025-03-12","22:00","F",2,217,"C",1,4,2.72
2,"2025-03-13","14:00","F",2,253,"C",1,4,2.72
2,"2025-03-13","22:00","F",2,274,"C",1,4,2.72
1,"2025-03-15","11:00","NS",2,263,"C",1,4,17.32
2,"2025-03-14","16:00","F",2,290,"N",1,4,2.72
2,"2025-03-15","18:00","F",2,226,"C",1,4,2.72
2,"2025-03-15","18:00","F",2,258,"C",1,4,2.72
2,"2025-03-15","20:00","F",2,215,"C",1,4,2.72
2,"2025-03-15","20:00","F",2,252,"C",1,4,2.72
2,"2025-03-15","20:00","F",2,260,"C",1,4,2.72
2,"2025-03-15","20:00","F",2,261,"C",1,4,2.72
2,"2025-03-15","16:00","F",2,265,"C",1,4,2.72
2,"2025-03-16","10:00","F",2,215,"N",1,4,2.72
2,"2025-03-16","10:00","F",2,246,"C",1,4,2.72
2,"2025-03-16","06:00","F",2,242,"C",1,4,2.72
2,"2025-03-16","22:00","F",2,270,"C",1,4,2.72
2,"2025-03-16","20:00","F",2,251,"C",1,4,2.72
2,"2025-03-16","12:00","F",2,275,"N",1,4,2.72
2,"2025-03-16","02:00","F",2,255,"C",1,4,2.72
2,"2025-03-16","08:00","F",2,263,"C",1,4,2.72
2,"2025-03-16","18:00","F",2,245,"C",1,4,2.72
1,"2025-03-17","13:00","NS",2,247,"C",1,4,17.32
1,"2025-03-17","14:00","NS",2,266,"C",1,2,8.66
2,"2025-03-17","08:00","F",2,280,"C",1,4,2.72
2,"2025-03-17","10:00","F",2,231,"N",1,4,2.72
2,"2025-03-17","20:00","F",2,287,"N",1,4,2.72
1,"2025-03-18","08:00","NS",2,330,"N",1,2,8.66
1,"2025-03-18","11:00","NS",2,299,"N",1,4,17.32
2,"2025-03-18","23:59","F",2,300,"C",1,4,2.72
2,"2025-03-18","12:00","F",2,265,"C",1,4,2.72
2,"2025-03-18","12:00","F",2,267,"C",1,4,2.72
2,"2025-03-18","12:00","F",2,269,"C",1,4,2.72
2,"2025-03-18","20:00","F",2,235,"C",1,4,2.72
2,"2025-03-18","22:00","F",2,243,"C",1,4,2.72
2,"2025-03-18","22:00","F",2,262,"C",1,4,2.72
2,"2025-03-18","14:00","F",2,251,"C",1,4,2.72
2,"2025-03-18","06:00","F",2,249,"C",1,4,2.72
1,"2025-03-19","09:00","NS",2,257,"C",1,2,8.66
1,"2025-03-19","16:00","NS",2,242,"C",1,2,8.66
1,"2025-03-19","16:00","NS",2,245,"C",1,2,8.66
2,"2025-03-19","08:00","F",2,256,"C",1,4,2.72
2,"2025-03-19","08:00","F",2,257,"C",1,4,2.72
2,"2025-03-19","08:00","F",2,285,"C",1,4,2.72
2,"2025-03-19","16:00","F",2,255,"C",1,4,2.72
2,"2025-03-19","20:00","F",2,243,"C",1,4,2.72
2,"2025-03-19","20:00","F",2,266,"C",1,4,2.72
1,"2025-03-20","07:00","NS",2,302,"C",1,4,17.32
1,"2025-03-20","13:00","NS",2,253,"C",1,4,17.32
1,"2025-03-20","13:00","NS",2,257,"N",1,4,17.32
1,"2025-03-20","13:00","NS",2,241,"C",1,4,17.32
1,"2025-03-20","17:00","NS",2,232,"N",1,4,17.32
2,"2025-03-20","20:00","F",2,228,"C",1,4,2.72
2,"2025-03-20","20:00","F",2,245,"C",1,4,2.72
2,"2025-03-20","22:00","F",2,248,"C",1,4,2.72
2,"2025-03-20","22:00","F",2,260,"N",1,4,2.72
2,"2025-03-20","16:00","F",2,251,"N",1,4,2.72
2,"2025-03-20","16:00","F",2,254,"C",1,4,2.72
2,"2025-03-20","06:00","F",2,219,"C",1,4,2.72
2,"2025-03-20","06:00","F",2,256,"C",1,4,2.72
2,"2025-03-20","14:00","F",2,267,"C",1,4,2.72
1,"2025-03-21","14:00","NS",2,228,"N",1,2,8.66
1,"2025-03-21","15:00","NS",2,245,"C",1,2,8.66
1,"2025-03-22","07:00","NS",2,332,"N",1,4,17.32
2,"2025-03-21","04:00","F",2,281,"C",1,4,2.72
2,"2025-03-21","22:00","F",2,250,"N",1,4,2.72
2,"2025-03-21","22:00","F",2,254,"C",1,4,2.72
2,"2025-03-21","22:00","F",2,265,"C",1,4,2.72
2,"2025-03-21","22:00","F",2,295,"C",1,4,2.72
2,"2025-03-21","16:00","F",2,270,"C",1,4,2.72
2,"2025-03-21","16:00","F",2,293,"N",1,4,2.72
2,"2025-03-22","23:59","F",2,247,"C",1,4,2.72
2,"2025-03-22","23:59","F",2,260,"C",1,4,2.72
2,"2025-03-22","16:00","F",2,280,"N",1,4,2.72
2,"2025-03-23","23:59","F",2,244,"N",1,4,2.72
2,"2025-03-23","04:00","F",2,235,"C",1,4,2.72
2,"2025-03-23","12:00","F",2,301,"N",1,4,2.72
2,"2025-03-23","10:00","F",2,267,"C",1,4,2.72
2,"2025-03-23","16:00","F",2,247,"C",1,4,2.72
2,"2025-03-23","02:00","F",2,260,"C",1,4,2.72
1,"2025-03-24","05:00","NS",2,285,"C",1,4,17.32
2,"2025-03-24","10:00","F",2,277,"C",1,4,2.72
2,"2025-03-24","02:00","F",2,253,"C",1,4,2.72
2,"2025-03-24","02:00","F",2,276,"C",1,4,2.72
1,"2025-03-25","01:00","NS",2,241,"C",1,2,8.66
1,"2025-03-25","09:00","NS",2,267,"C",1,4,17.32
1,"2025-03-25","11:00","OS",2,278,"C",1,4,17.32
1,"2025-03-25","19:00","OS",2,285,"C",1,4,17.32
2,"2025-03-25","04:00","F",2,284,"N",1,4,2.72
2,"2025-03-25","16:00","F",2,250,"N",1,4,2.72
2,"2025-03-25","16:00","F",2,270,"C",1,4,2.72
2,"2025-03-25","06:00","F",2,250,"N",1,4,2.72
2,"2025-03-25","02:00","F",2,233,"C",1,4,2.72
1,"2025-03-26","05:00","OS",2,255,"C",1,4,17.32
2,"2025-03-26","04:00","F",2,260,"C",1,4,2.72
2,"2025-03-26","02:00","F",2,224,"C",1,4,2.72
2,"2025-03-26","02:00","F",2,280,"C",1,4,2.72
2,"2025-03-26","22:00","F",2,266,"C",1,4,2.72
2,"2025-03-26","22:00","F",2,275,"C",1,4,2.72
2,"2025-03-26","06:00","F",2,253,"C",1,4,2.72
2,"2025-03-26","20:00","F",2,274,"N",1,4,2.72
2,"2025-03-26","23:59","F",2,278,"C",1,4,2.72
1,"2025-03-27","03:00","OS",2,245,"C",1,4,17.32
1,"2025-03-27","09:00","OS",2,255,"C",1,4,17.32
1,"2025-03-27","09:00","OS",2,270,"C",1,4,17.32
2,"2025-03-27","12:00","F",2,248,"C",1,4,2.72
2,"2025-03-27","06:00","F",2,275,"N",1,4,2.72
1,"2025-03-28","05:00","NS",2,273,"C",1,4,17.32
1,"2025-03-28","09:00","NS",2,325,"N",1,4,17.32
1,"2025-03-28","13:00","NS",2,261,"C",1,4,17.32
1,"2025-03-28","15:00","NS",2,259,"C",1,4,17.32
1,"2025-03-28","15:00","NS",2,250,"C",1,4,17.32
1,"2025-03-28","15:00","OS",2,296,"C",1,4,17.32
1,"2025-03-28","16:00","NS",2,265,"C",1,2,8.66
1,"2025-03-29","15:00","OS",2,288,"C",1,4,17.32
1,"2025-03-31","07:00","NS",2,270,"C",1,2,8.66
1,"2025-03-31","11:00","NS",2,265,"C",1,4,17.32
1,"2025-03-31","13:00","NS",2,252,"C",1,4,17.32
1,"2025-03-31","13:00","NS",2,233,"C",1,4,17.32
2,"2025-03-28","14:00","F",2,246,"C",1,4,2.72
2,"2025-03-28","12:00","F",2,242,"C",1,4,2.72
2,"2025-03-28","12:00","F",2,250,"C",1,4,2.72
2,"2025-03-28","12:00","F",2,314,"C",1,4,2.72
2,"2025-03-28","20:00","F",2,281,"C",1,4,2.72
2,"2025-03-28","16:00","F",2,292,"C",1,4,2.72
2,"2025-03-29","02:00","F",2,277,"C",1,4,2.72
2,"2025-03-29","04:00","F",2,278,"C",1,4,2.72
2,"2025-03-29","16:00","F",2,255,"C",1,4,2.72
2,"2025-03-29","14:00","F",2,258,"N",1,4,2.72
2,"2025-03-30","23:59","F",2,240,"C",1,4,2.72
2,"2025-03-30","22:00","F",2,289,"C",1,4,2.72
2,"2025-03-30","04:00","F",2,268,"C",1,4,2.72
2,"2025-03-30","18:00","F",2,301,"N",1,4,2.72
2,"2025-03-30","06:00","F",2,290,"C",1,4,2.72
2,"2025-03-30","12:00","F",2,283,"C",1,4,2.72
2,"2025-03-31","10:00","F",2,245,"C",1,4,2.72
2,"2025-03-31","10:00","F",2,258,"C",1,4,2.72
2,"2025-03-31","10:00","F",2,265,"C",1,4,2.72
2,"2025-03-31","10:00","F",2,269,"C",1,4,2.72
2,"2025-03-31","10:00","F",2,270,"C",1,4,2.72
2,"2025-03-31","12:00","F",2,272,"N",1,4,2.72
2,"2025-03-31","12:00","F",2,280,"C",1,4,2.72
2,"2025-03-31","04:00","F",2,303,"N",1,4,2.72
2,"2025-03-31","04:00","F",2,318,"N",1,4,2.72
2,"2025-03-31","14:00","F",2,270,"C",1,4,2.72
2,"2025-03-31","18:00","F",2,267,"C",1,4,2.72
2,"2025-03-31","16:00","F",2,253,"C",1,4,2.72
1,"2025-04-01","11:00","NS",2,288,"C",1,2,9.66
1,"2025-04-01","16:00","NS",2,263,"C",1,2,9.66
2,"2025-04-01","12:00","F",2,268,"C",1,4,2.72
2,"2025-04-01","10:00","F",2,205,"N",1,4,2.72
2,"2025-04-01","10:00","F",2,260,"C",1,4,2.72
2,"2025-04-01","10:00","F",2,273,"C",1,4,2.72
2,"2025-04-01","10:00","F",2,285,"C",1,4,2.72
2,"2025-04-01","14:00","F",2,287,"C",1,4,2.72
2,"2025-04-01","14:00","F",2,289,"C",1,4,2.72
1,"2025-04-02","09:00","NS",2,274,"C",1,4,18.32
2,"2025-04-02","10:00","F",2,240,"C",1,4,2.72
2,"2025-04-02","14:00","F",2,241,"N",1,4,2.72
2,"2025-04-02","12:00","F",2,253,"N",1,4,2.72
2,"2025-04-03","08:00","F",2,234,"N",1,4,2.72
2,"2025-04-03","08:00","F",2,290,"C",1,4,2.72
2,"2025-04-03","16:00","F",2,277,"C",1,4,2.72
2,"2025-04-03","04:00","F",2,225,"C",1,4,2.72
2,"2025-04-03","12:00","F",2,274,"C",1,4,2.72
2,"2025-04-03","12:00","F",2,282,"C",1,4,2.72
2,"2025-04-03","12:00","F",2,284,"C",1,4,2.72
2,"2025-04-03","06:00","F",2,222,"N",1,4,2.72
2,"2025-04-03","18:00","F",2,268,"C",1,4,2.72
1,"2025-04-04","07:00","NS",2,262,"N",1,4,18.32
1,"2025-04-04","11:00","NS",2,232,"C",1,2,9.66
1,"2025-04-05","09:00","NS",2,286,"N",1,2,9.66
1,"2025-04-05","15:00","NS",2,284,"C",1,4,18.32
1,"2025-04-05","15:00","NS",2,220,"N",1,4,18.32
1,"2025-04-05","15:00","NS",2,241,"C",1,4,18.32
1,"2025-04-06","09:00","NS",2,262,"C",1,2,8.66
1,"2025-04-06","13:00","NS",2,274,"C",1,4,17.32
1,"2025-04-06","16:00","NS",2,265,"C",1,2,8.66
2,"2025-04-04","23:59","F",2,257,"C",1,4,2.72
2,"2025-04-04","23:59","F",2,264,"C",1,4,2.72
2,"2025-04-05","10:00","F",2,286,"C",1,4,2.72
2,"2025-04-05","16:00","F",2,265,"C",1,4,2.72
2,"2025-04-06","16:00","F",2,210,"N",1,4,2.72
2,"2025-04-06","10:00","F",2,263,"C",1,4,2.72
2,"2025-04-06","18:00","F",2,257,"C",1,4,2.72
2,"2025-04-06","22:00","F",2,311,"C",1,4,2.72
1,"2025-04-07","08:00","NS",2,302,"C",1,2,8.66
1,"2025-04-07","09:00","NS",2,269,"C",1,2,8.66
1,"2025-04-07","09:00","NS",2,249,"C",1,2,8.66
1,"2025-04-07","11:00","NS",2,279,"C",1,4,17.32
1,"2025-04-07","11:00","NS",2,297,"C",1,4,17.32
2,"2025-04-07","12:00","F",2,252,"C",1,4,2.72
1,"2025-04-08","09:00","NS",2,250,"C",1,4,17.32
1,"2025-04-08","13:00","NS",2,252,"C",1,4,17.32
1,"2025-04-08","13:00","NS",2,260,"C",1,4,17.32
1,"2025-04-08","21:00","NS",2,265,"C",1,4,17.32
2,"2025-04-08","14:00","F",2,279,"C",1,4,2.72
2,"2025-04-08","14:00","F",2,280,"C",1,4,2.72
2,"2025-04-08","02:00","F",2,276,"C",1,4,2.72
2,"2025-04-08","08:00","F",2,260,"C",1,4,2.72
2,"2025-04-08","20:00","F",2,321,"N",1,4,2.72
2,"2025-04-08","10:00","F",2,268,"N",1,4,2.72
1,"2025-04-09","01:00","NS",2,286,"C",1,4,17.32
1,"2025-04-09","09:00","NS",2,290,"N",1,4,18.32
2,"2025-04-09","02:00","F",2,242,"N",1,4,2.72
2,"2025-04-09","14:00","F",2,293,"C",1,4,2.72
1,"2025-04-10","11:00","NS",2,256,"C",1,2,8.66
1,"2025-04-10","15:00","NS",2,254,"C",1,4,17.32
2,"2025-04-10","02:00","F",2,266,"C",1,4,2.72
2,"2025-04-11","04:00","F",2,264,"C",1,4,2.72
2,"2025-04-11","04:00","F",2,268,"C",1,4,2.72
2,"2025-04-11","04:00","F",2,274,"C",1,4,2.72
2,"2025-04-11","02:00","F",2,276,"C",1,4,2.72
2,"2025-04-11","23:59","F",2,246,"C",1,4,2.72
2,"2025-04-11","22:00","F",2,245,"C",1,4,2.72
2,"2025-04-12","23:59","F",2,255,"C",1,4,2.72
2,"2025-04-12","23:59","F",2,274,"C",1,4,2.72
2,"2025-04-12","04:00","F",2,240,"C",1,4,2.72
2,"2025-04-12","14:00","F",2,198,"N",1,4,2.72
2,"2025-04-12","16:00","F",2,285,"C",1,4,2.72
2,"2025-04-12","22:00","F",2,240,"N",1,4,2.72
2,"2025-04-12","22:00","F",2,281,"N",1,4,2.72
2,"2025-04-13","22:00","F",2,266,"N",1,4,2.72
2,"2025-04-13","14:00","F",2,224,"C",1,4,2.72
1,"2025-04-14","13:00","NS",2,275,"C",1,2,8.66
2,"2025-04-14","23:59","F",2,255,"N",1,4,2.72
2,"2025-04-14","14:00","F",2,262,"C",1,4,2.72
2,"2025-04-14","18:00","F",2,248,"N",1,4,2.72
2,"2025-04-14","06:00","F",2,250,"C",1,4,2.72
2,"2025-04-14","06:00","F",2,266,"C",1,4,2.72
2,"2025-04-14","22:00","F",2,275,"C",1,4,2.72
2,"2025-04-15","18:00","F",2,210,"N",1,4,2.72
2,"2025-04-15","14:00","F",2,253,"C",1,4,2.72
2,"2025-04-15","22:00","F",2,288,"C",1,4,2.72
2,"2025-04-15","10:00","F",2,278,"C",1,3,2.04
2,"2025-04-15","02:00","F",2,249,"C",1,4,2.72
2,"2025-04-15","02:00","F",2,261,"C",1,4,2.72
1,"2025-04-16","15:00","OS",2,270,"C",1,4,17.32
2,"2025-04-17","22:00","F",2,272,"N",1,4,2.72
2,"2025-04-17","12:00","F",2,252,"C",1,4,2.72
2,"2025-04-17","10:00","F",2,290,"N",1,4,2.72
2,"2025-04-18","08:00","F",2,243,"C",1,4,2.72
2,"2025-04-20","12:00","F",2,285,"C",1,4,2.72
2,"2025-04-20","18:00","F",2,308,"N",1,4,2.72
2,"2025-04-21","10:00","F",2,252,"C",1,4,2.72
2,"2025-04-22","10:00","F",2,230,"N",1,4,2.72
1,"2025-04-23","17:00","OS",2,316,"C",1,4,17.32
2,"2025-04-23","10:00","F",2,280,"C",1,4,2.72
2,"2025-04-24","10:00","F",2,242,"C",1,4,2.72
2,"2025-04-25","10:00","F",2,250,"C",1,4,2.72
2,"2025-04-25","02:00","F",2,306,"C",1,4,2.72
2,"2025-04-29","10:00","F",2,297,"C",1,4,2.72
2,"2025-04-29","20:00","F",2,261,"N",1,4,2.72
2,"2025-05-01","10:00","F",2,325,"N",1,4,2.72
1,"2025-05-02","16:00","NS",2,234,"N",1,2,9.66
2,"2025-05-02","22:00","F",2,267,"C",1,4,2.72
2,"2025-05-03","18:00","F",2,296,"C",1,4,2.72
2,"2025-05-03","16:00","F",2,201,"N",1,4,2.72
2,"2025-05-03","08:00","F",2,266,"C",1,4,2.72
2,"2025-05-04","10:00","F",2,207,"N",1,4,2.72
2,"2025-05-04","10:00","F",2,230,"N",1,4,2.72
2,"2025-05-05","12:00","F",2,219,"N",1,4,2.72
1,"2025-05-10","09:00","NS",2,219,"N",1,4,18.32
1,"2025-05-10","09:00","NS",2,230,"N",1,4,18.32
2,"2025-05-11","18:00","F",2,246,"N",1,4,2.72
2,"2025-05-11","02:00","F",2,210,"N",1,4,2.72
2,"2025-05-20","23:59","F",2,264,"C",1,4,2.72
2,"2025-05-20","02:00","F",2,282,"C",1,4,2.72
2,"2025-05-22","10:00","F",2,213,"N",1,3,2.04
2,"2025-05-23","04:00","F",2,276,"C",1,4,2.72
2,"2025-05-24","23:59","F",2,228,"N",1,4,2.72
2,"2025-05-25","16:00","F",2,192,"N",1,4,2.72
2,"2025-05-26","06:00","F",2,332,"N",1,4,2.72
2,"2025-06-02","20:00","F",2,305,"C",1,4,2.72
2,"2025-04-16","10:00","F",2,295,"C",1,4,2.72
2,"2025-04-16","12:00","F",2,246,"N",1,4,2.72
2,"2025-04-16","12:00","F",2,248,"C",1,4,2.72
2,"2025-04-16","12:00","F",2,263,"C",1,4,2.72
2,"2025-04-16","08:00","F",2,230,"N",1,4,2.72
2,"2025-04-16","08:00","F",2,256,"C",1,4,2.72
2,"2025-04-16","04:00","F",2,255,"C",1,4,2.72
2,"2025-04-16","06:00","F",2,286,"C",1,4,2.72
2,"2025-04-16","14:00","F",2,234,"C",1,4,2.72
2,"2025-04-16","16:00","F",2,197,"N",1,4,2.72
2,"2025-03-02","02:00","F",2,248,"C",1,4,2.72
2,"2025-03-02","02:00","F",2,248,"C",1,4,2.72
2,"2025-03-02","02:00","F",2,250,"C",1,4,2.72
2,"2025-03-02","02:00","F",2,250,"C",1,4,2.72
